Tiempo,Carga
0.0022542476654052734,135490.0
0.12435317039489746,135485.0
0.2384321689605713,135469.0
0.3258202075958252,135512.0
0.40485239028930664,135561.0
0.5013120174407959,135578.0
0.5795612335205078,135557.0
0.6606841087341309,135514.0
0.7415392398834229,135519.0
0.8246181011199951,135604.0
0.9131832122802734,135576.0
0.9916961193084717,135554.0
1.070378065109253,135531.0
1.154858112335205,135519.0
1.2369821071624756,135545.0
1.320359230041504,135534.0
1.4039433002471924,135476.0
1.4898340702056885,135513.0
1.5751643180847168,135587.0
1.6637113094329834,135575.0
1.751432180404663,135569.0
1.8395540714263916,135589.0
1.926544189453125,135594.0
2.0110023021698,135571.0
2.1002423763275146,135617.0
2.189011335372925,135600.0
2.2760932445526123,135580.0
2.3547892570495605,135561.0
2.4335250854492188,135547.0
2.5406172275543213,135568.0
2.65165114402771,135546.0
2.762176036834717,135523.0
2.8727681636810303,135530.0
2.9831972122192383,135533.0
3.09383225440979,135569.0
3.2041921615600586,135592.0
3.315070390701294,135566.0
3.42551326751709,135567.0
3.536240339279175,135573.0
3.646726131439209,135541.0
3.757127285003662,135536.0
3.8677592277526855,135539.0
3.978428363800049,135583.0
4.08868932723999,135581.0
4.199617147445679,135563.0
4.309940338134766,135588.0
4.4166951179504395,135589.0
4.527789115905762,135553.0
4.637875318527222,135632.0
4.7487311363220215,135592.0
4.859318017959595,135562.0
4.96974515914917,135577.0
5.0802083015441895,135608.0
5.190972328186035,135576.0
5.30139422416687,135564.0
5.412057161331177,135563.0
5.522540092468262,135518.0
5.63307523727417,135557.0
5.743744134902954,135592.0
5.854223251342773,135559.0
5.964827299118042,135538.0
6.075402021408081,135556.0
6.185861110687256,135549.0
6.296479225158691,135507.0
6.403262376785278,135547.0
6.513988256454468,135552.0
6.6244800090789795,135506.0
6.735280275344849,135533.0
6.845682382583618,135563.0
6.956068277359009,135578.0
7.066845178604126,135572.0
7.177533388137817,135556.0
7.288011074066162,135573.0
7.398336172103882,135583.0
7.509043216705322,135555.0
7.619440317153931,135576.0
7.730147123336792,135567.0
7.840604305267334,135569.0
7.951162099838257,135586.0
8.061825037002563,135548.0
8.172321081161499,135534.0
8.282962322235107,135617.0
8.38972020149231,135598.0
8.500468969345093,135545.0
8.611069202423096,135597.0
8.721614122390747,135565.0
8.831965208053589,135563.0
8.942959308624268,135555.0
9.053059101104736,135558.0
9.163830041885376,135581.0
9.27434229850769,135590.0
9.384925365447998,135534.0
9.49549126625061,135589.0
9.606049060821533,135617.0
9.71658706665039,135603.0
9.826963186264038,135573.0
9.937690258026123,135556.0
10.048296213150024,135541.0
10.158782243728638,135518.0
10.2693612575531,135524.0
10.37620210647583,135566.0
10.48702621459961,135571.0
10.59714412689209,135564.0
10.707993268966675,135581.0
10.81856107711792,135611.0
10.929063320159912,135584.0
11.039575099945068,135548.0
11.150116205215454,135583.0
11.260663032531738,135559.0
11.371337413787842,135547.0
11.48181414604187,135543.0
11.592498302459717,135540.0
11.702986001968384,135526.0
11.813322067260742,135528.0
11.924138069152832,135568.0
12.034667015075684,135580.0
12.145240068435669,135555.0
12.255569219589233,135568.0
12.362712144851685,135548.0
12.473461151123047,135540.0
12.583553075790405,135576.0
12.694317102432251,135547.0
12.805030345916748,135517.0
12.915694236755371,135519.0
13.025974035263062,135575.0
13.136665105819702,135570.0
13.247154235839844,135562.0
13.35797119140625,135499.0
13.468162059783936,135505.0
13.578741073608398,135515.0
13.689464092254639,135523.0
13.799983263015747,135532.0
13.910665273666382,135537.0
14.021100044250488,135540.0
14.131395101547241,135565.0
14.242213249206543,135550.0
14.348932266235352,135526.0
14.459766149520874,135552.0
14.570064306259155,135599.0
14.680983066558838,135578.0
14.791201114654541,135595.0
14.902001142501831,135585.0
15.012322187423706,135571.0
15.122846364974976,135545.0
15.233673334121704,135561.0
15.344095230102539,135478.0
15.454651117324829,135460.0
15.565113067626953,135494.0
15.6758713722229,135512.0
15.786412239074707,135509.0
15.896995067596436,135485.0
16.007320165634155,135521.0
16.11810040473938,135560.0
16.228594303131104,135535.0
16.33539628982544,135515.0
16.446359157562256,135539.0
16.556469202041626,135503.0
16.66721820831299,135484.0
16.777862310409546,135503.0
16.888317346572876,135509.0
16.99893832206726,135541.0
17.10925817489624,135537.0
17.220055103302002,135539.0
17.33038902282715,135541.0
17.441169261932373,135558.0
17.551629066467285,135572.0
17.662177085876465,135578.0
17.772741317749023,135506.0
17.883461236953735,135492.0
17.99395728111267,135518.0
18.104451179504395,135545.0
18.215079307556152,135530.0
18.321782112121582,135542.0
18.43247413635254,135549.0
18.54316806793213,135558.0
18.65357804298401,135535.0
18.76413106918335,135539.0
18.874584197998047,135544.0
18.98536229133606,135574.0
19.09577703475952,135537.0
19.206493377685547,135512.0
19.31706213951111,135521.0
19.427337408065796,135501.0
19.538084268569946,135470.0
19.648630142211914,135535.0
19.759151220321655,135555.0
19.8698890209198,135539.0
19.980237245559692,135532.0
20.090665340423584,135538.0
20.20144820213318,135566.0
20.307923316955566,135533.0
20.419053077697754,135522.0
20.529377222061157,135538.0
20.64015221595764,135558.0
20.750730991363525,135525.0
20.86128830909729,135557.0
20.971796989440918,135563.0
21.08218026161194,135494.0
21.192957162857056,135497.0
21.303380250930786,135498.0
21.41402816772461,135530.0
21.524359226226807,135551.0
21.637264251708984,135531.0
21.74552607536316,135557.0
21.855852127075195,135514.0
21.966816186904907,135501.0
22.077210187911987,135520.0
22.187894105911255,135582.0
22.294568300247192,135547.0
22.405516147613525,135503.0
22.515780210494995,135576.0
22.626615047454834,135544.0
22.737080097198486,135534.0
22.847726106643677,135574.0
22.958126068115234,135507.0
23.06876230239868,135503.0
23.17918634414673,135522.0
23.28992009162903,135494.0
23.400472164154053,135523.0
23.51079821586609,135546.0
23.62146830558777,135506.0
23.73212432861328,135487.0
23.842604160308838,135565.0
23.9531991481781,135549.0
24.063785314559937,135537.0
24.174241065979004,135548.0
24.281378030776978,135551.0
24.39190411567688,135524.0
24.502455234527588,135525.0
24.612985134124756,135498.0
24.723541021347046,135453.0
24.83396625518799,135484.0
24.944636344909668,135516.0
25.055082082748413,135484.0
25.165935277938843,135515.0
25.276300191879272,135497.0
25.38687515258789,135454.0
25.49733018875122,135504.0
25.60800313949585,135525.0
25.718597173690796,135490.0
25.829052209854126,135533.0
25.939651250839233,135515.0
26.050116300582886,135530.0
26.16059112548828,135523.0
26.2674241065979,135520.0
26.378377199172974,135538.0
26.488887071609497,135516.0
26.599435091018677,135536.0
26.709885358810425,135525.0
26.82044816017151,135496.0
26.931097269058228,135477.0
27.041577339172363,135497.0
27.152210235595703,135500.0
27.26270627975464,135456.0
27.373383283615112,135469.0
27.48385715484619,135480.0
27.594184398651123,135488.0
27.705021381378174,135499.0
27.815478086471558,135464.0
27.926106214523315,135508.0
28.036554098129272,135523.0
28.147123336791992,135514.0
28.257774114608765,135539.0
28.36474323272705,135464.0
28.475106239318848,135429.0
28.585508108139038,135416.0
28.696356296539307,135453.0
28.80696439743042,135460.0
28.91758108139038,135474.0
29.027839183807373,135479.0
29.13851022720337,135504.0
29.249080181121826,135481.0
29.359670162200928,135463.0
29.47024631500244,135433.0
29.580843210220337,135446.0
29.69128441810608,135454.0
29.80197024345398,135512.0
29.91255235671997,135484.0
30.02304720878601,135498.0
30.133591175079346,135541.0
30.24410915374756,135496.0
30.351046323776245,135506.0
30.46170926094055,135502.0
30.572115182876587,135514.0
30.682886123657227,135460.0
30.793212175369263,135447.0
30.90393614768982,135458.0
31.014416217803955,135464.0
31.124755382537842,135455.0
31.23563313484192,135471.0
31.34595036506653,135492.0
31.45668315887451,135426.0
31.567163228988647,135458.0
31.67784023284912,135487.0
31.788376092910767,135449.0
31.898656129837036,135514.0
32.00939416885376,135523.0
32.11998534202576,135479.0
32.23058319091797,135453.0
32.337653160095215,135484.0
32.448124170303345,135463.0
32.558722257614136,135452.0
32.6690411567688,135478.0
32.7797954082489,135456.0
32.8900830745697,135465.0
33.00097417831421,135478.0
33.11131715774536,135451.0
33.22190833091736,135477.0
33.332643270492554,135479.0
33.44299817085266,135452.0
33.55376935005188,135448.0
33.6640682220459,135511.0
33.77473306655884,135526.0
33.885406255722046,135489.0
33.9958713054657,135459.0
34.10648822784424,135493.0
34.216846227645874,135455.0
34.32385730743408,135432.0
34.43443417549133,135461.0
34.544817209243774,135440.0
34.6554811000824,135451.0
34.76621723175049,135444.0
34.87680721282959,135421.0
34.98735308647156,135446.0
35.0977840423584,135483.0
35.20846223831177,135441.0
35.31874418258667,135461.0
35.42963099479675,135507.0
35.539921283721924,135546.0
35.65063714981079,135516.0
35.761242151260376,135431.0
35.871636390686035,135431.0
35.98237228393555,135466.0
36.09266519546509,135471.0
36.20342397689819,135472.0
36.310041189193726,135445.0
36.42107319831848,135444.0
36.53145909309387,135444.0
36.64223909378052,135462.0
36.75270223617554,135448.0
36.86295127868652,135435.0
36.973926305770874,135463.0
37.08419418334961,135488.0
37.19474935531616,135482.0
37.3053560256958,135468.0
37.41576910018921,135472.0
37.52662920951843,135436.0
37.63688826560974,135444.0
37.74767732620239,135446.0
37.85822415351868,135445.0
37.96857714653015,135431.0
38.07934212684631,135457.0
38.189502239227295,135491.0
38.29689025878906,135497.0
38.40727114677429,135421.0
38.51802110671997,135470.0
38.62830901145935,135507.0
38.738954067230225,135503.0
38.84967827796936,135460.0
38.96004319190979,135424.0
39.07074213027954,135411.0
39.181042194366455,135434.0
39.291704177856445,135475.0
39.402387380599976,135470.0
39.51255416870117,135430.0
39.623149156570435,135422.0
39.7341513633728,135442.0
39.84450721740723,135432.0
39.95532703399658,135415.0
40.06556415557861,135410.0
40.176204204559326,135418.0
40.28281235694885,135427.0
40.3938570022583,135473.0
40.50396800041199,135447.0
40.61497235298157,135477.0
40.72508430480957,135470.0
40.83607816696167,135448.0
40.94616723060608,135452.0
41.05719614028931,135436.0
41.16751313209534,135458.0
41.278186082839966,135476.0
41.388916969299316,135489.0
41.49904203414917,135481.0
41.610013246536255,135481.0
41.720224142074585,135470.0
41.831048250198364,135451.0
41.941516160964966,135448.0
42.052194118499756,135493.0
42.16264724731445,135452.0
42.27001333236694,135444.0
42.380006313323975,135471.0
42.49081611633301,135463.0
42.601102113723755,135417.0
42.71161913871765,135425.0
42.8225462436676,135440.0
42.93276023864746,135450.0
43.043660163879395,135451.0
43.153993368148804,135495.0
43.26460909843445,135457.0
43.37530326843262,135446.0
43.485737323760986,135432.0
43.59628629684448,135429.0
43.70685625076294,135424.0
43.817347049713135,135453.0
43.92797803878784,135458.0
44.038464069366455,135455.0
44.149142026901245,135423.0
44.255847215652466,135429.0
44.36666703224182,135488.0
44.4769651889801,135451.0
44.587446212768555,135446.0
44.69828820228577,135417.0
44.80862212181091,135425.0
44.91928029060364,135442.0
45.02992510795593,135423.0
45.1400933265686,135450.0
45.25118637084961,135450.0
45.3614342212677,135422.0
45.47227430343628,135393.0
45.58268427848816,135424.0
45.69340920448303,135444.0
45.80383014678955,135474.0
45.91441202163696,135466.0
46.02491211891174,135457.0
46.13553833961487,135492.0
46.24264121055603,135489.0
46.3528950214386,135410.0
46.46358609199524,135444.0
46.57428812980652,135433.0
46.68466830253601,135422.0
46.795390367507935,135404.0
46.905901193618774,135412.0
47.01630616188049,135441.0
47.1271390914917,135430.0
47.23743224143982,135444.0
47.348146200180054,135449.0
47.45852017402649,135425.0
47.569231271743774,135387.0
47.67963123321533,135452.0
47.79037117958069,135448.0
47.90074706077576,135423.0
48.0113582611084,135428.0
48.12196922302246,135411.0
48.22873020172119,135366.0
48.33953619003296,135425.0
48.450202226638794,135384.0
48.560689210891724,135420.0
48.6711311340332,135486.0
48.78179407119751,135470.0
48.892221212387085,135434.0
49.0029091835022,135445.0
49.11345100402832,135471.0
49.22406506538391,135451.0
49.3345901966095,135405.0
49.44512319564819,135391.0
49.555676221847534,135412.0
49.66624617576599,135448.0
49.77641534805298,135420.0
49.887325286865234,135437.0
49.997910022735596,135445.0
50.10842537879944,135450.0
50.21542406082153,135436.0
50.32599401473999,135446.0
50.43645524978638,135425.0
50.54710340499878,135458.0
50.65773320198059,135457.0
50.76823115348816,135487.0
50.87880229949951,135500.0
50.98931407928467,135432.0
51.099762201309204,135429.0
51.21044301986694,135461.0
51.320810079574585,135436.0
51.43157243728638,135450.0
51.542152404785156,135484.0
51.65259313583374,135439.0
51.76317620277405,135489.0
51.87358331680298,135479.0
51.984283208847046,135417.0
52.094778299331665,135462.0
52.20174837112427,135500.0
52.31244707107544,135443.0
52.422837018966675,135423.0
52.53340125083923,135460.0
52.64382004737854,135479.0
52.75448822975159,135475.0
52.8651921749115,135485.0
52.975733041763306,135486.0
53.08604907989502,135476.0
53.19667100906372,135468.0
53.30742812156677,135477.0
53.41794204711914,135450.0
53.528414249420166,135464.0
53.63908123970032,135412.0
53.74944615364075,135451.0
53.8601610660553,135466.0
53.970712184906006,135448.0
54.081279039382935,135423.0
54.18837237358093,135386.0
54.29862713813782,135432.0
54.409414291381836,135418.0
54.51998424530029,135440.0
54.63049530982971,135468.0
54.74105215072632,135470.0
54.851741313934326,135476.0
54.962252140045166,135496.0
55.0727322101593,135486.0
55.18332314491272,135460.0
55.29367923736572,135458.0
55.404383420944214,135454.0
55.51493716239929,135419.0
55.62548613548279,135447.0
55.73605918884277,135408.0
55.8465301990509,135442.0
55.95715141296387,135465.0
56.067705154418945,135438.0
56.17478609085083,135443.0
56.285261154174805,135489.0
56.396013259887695,135476.0
56.50643515586853,135481.0
56.616772174835205,135454.0
56.727508306503296,135442.0
56.8380663394928,135479.0
56.94858121871948,135449.0
57.05907320976257,135466.0
57.16961121559143,135456.0
57.28022241592407,135457.0
57.39083433151245,135420.0
57.50137424468994,135425.0
57.6118221282959,135473.0
57.72246241569519,135429.0
57.833057165145874,135468.0
57.94338917732239,135482.0
58.05412721633911,135452.0
58.161338090896606,135441.0
58.27150821685791,135444.0
58.382264137268066,135471.0
58.49266028404236,135458.0
58.6033673286438,135461.0
58.713847160339355,135464.0
58.82446002960205,135474.0
58.93501019477844,135433.0
59.04555702209473,135392.0
59.15618920326233,135427.0
59.266637086868286,135471.0
59.37722325325012,135474.0
59.48782420158386,135443.0
59.59817433357239,135450.0
59.70890522003174,135467.0
59.819462299346924,135433.0
59.9299750328064,135475.0
60.04055714607239,135490.0
60.14720940589905,135472.0
60.25809931755066,135500.0
60.368619203567505,135448.0
60.479273319244385,135473.0
60.58964133262634,135423.0
60.7003173828125,135413.0
60.81079721450806,135424.0
60.9212863445282,135449.0
61.032062292099,135434.0
61.14249920845032,135454.0
61.25300407409668,135442.0
61.36364698410034,135446.0
61.474053144454956,135465.0
61.58466720581055,135474.0
61.695141315460205,135478.0
61.805867195129395,135464.0
61.91627216339111,135474.0
62.026952266693115,135488.0
62.13400340080261,135473.0
62.24440336227417,135414.0
62.35505938529968,135458.0
62.46558904647827,135499.0
62.57602310180664,135488.0
62.686742067337036,135452.0
62.797335147857666,135432.0
62.90779423713684,135418.0
63.018434047698975,135450.0
63.12899208068848,135422.0
63.23941135406494,135441.0
63.350083112716675,135462.0
63.4606032371521,135464.0
63.5711772441864,135490.0
63.68157124519348,135481.0
63.79231309890747,135499.0
63.902735233306885,135479.0
64.0133261680603,135446.0
64.1201581954956,135437.0
64.230966091156,135477.0
64.34143328666687,135436.0
64.45209503173828,135485.0
64.56247806549072,135484.0
64.67319321632385,135467.0
64.78366017341614,135470.0
64.89425826072693,135492.0
65.0048303604126,135498.0
65.1152241230011,135474.0
65.22597026824951,135469.0
65.33638620376587,135502.0
65.44697499275208,135510.0
65.55765318870544,135468.0
65.66811919212341,135499.0
65.77856516838074,135515.0
65.88915038108826,135532.0
65.99974417686462,135531.0
66.10644817352295,135490.0
66.21744728088379,135489.0
66.32811641693115,135567.0
66.4384412765503,135539.0
66.54906916618347,135505.0
66.65961718559265,135496.0
66.76999020576477,135521.0
66.88074231147766,135489.0
66.99120426177979,135489.0
67.10168123245239,135492.0
67.21239137649536,135532.0
67.32287001609802,135540.0
67.43347930908203,135535.0
67.54398727416992,135527.0
67.65458631515503,135474.0
67.76518034934998,135462.0
67.87560606002808,135487.0
67.98610424995422,135518.0
68.09291911125183,135534.0
68.20388913154602,135488.0
68.31431412696838,135491.0
68.42494225502014,135518.0
68.5354962348938,135538.0
68.6458432674408,135580.0
68.7565541267395,135566.0
68.86706304550171,135508.0
68.97761511802673,135511.0
69.08799529075623,135465.0
69.1988480091095,135486.0
69.30923008918762,135522.0
69.41983819007874,135522.0
69.53051519393921,135539.0
69.64090919494629,135452.0
69.75161218643188,135477.0
69.86206126213074,135546.0
69.97267818450928,135526.0
70.07976341247559,135531.0
70.1898422241211,135506.0
70.30079102516174,135507.0
70.4112491607666,135550.0
70.52165627479553,135503.0
70.6326322555542,135563.0
70.74300742149353,135535.0
70.85371708869934,135511.0
70.96414422988892,135545.0
71.07454013824463,135529.0
71.18517827987671,135502.0
71.29587817192078,135499.0
71.4063789844513,135546.0
71.51679110527039,135493.0
71.62747812271118,135487.0
71.73800134658813,135512.0
71.84865427017212,135514.0
71.95898222923279,135564.0
72.06619334220886,135526.0
72.17670607566833,135471.0
72.2866313457489,135511.0
72.39763617515564,135540.0
72.50836205482483,135555.0
72.61877918243408,135568.0
72.72945523262024,135598.0
72.8398642539978,135560.0
72.95056414604187,135549.0
73.06099319458008,135541.0
73.1715362071991,135540.0
73.28233337402344,135578.0
73.39270305633545,135556.0
73.50324130058289,135536.0
73.61387705802917,135524.0
73.7242591381073,135553.0
73.83499717712402,135531.0
73.94541025161743,135549.0
74.0523452758789,135556.0
74.16329598426819,135530.0
74.27338528633118,135534.0
74.3841941356659,135565.0
74.49460196495056,135567.0
74.60531210899353,135517.0
74.71585321426392,135569.0
74.82618522644043,135550.0
74.93699526786804,135535.0
75.04736828804016,135551.0
75.158034324646,135575.0
75.26844811439514,135594.0
75.37919306755066,135572.0
75.48969030380249,135563.0
75.60032105445862,135550.0
75.71089315414429,135563.0
75.82120442390442,135585.0
75.93197417259216,135598.0
76.03902220726013,135589.0
76.14945411682129,135582.0
76.25978112220764,135553.0
76.37050008773804,135577.0
76.48118615150452,135565.0
76.59157609939575,135523.0
76.70220232009888,135553.0
76.81286931037903,135568.0
76.92324709892273,135564.0
77.03395199775696,135542.0
77.1445722579956,135589.0
77.2549660205841,135598.0
77.36564207077026,135542.0
77.47599220275879,135530.0
77.58658528327942,135569.0
77.69728326797485,135554.0
77.80789613723755,135531.0
77.91828036308289,135542.0
78.0252673625946,135581.0
78.13613224029541,135598.0
78.24633502960205,135567.0
78.35708522796631,135501.0
78.46766901016235,135525.0
78.57802605628967,135511.0
78.68872809410095,135551.0
78.79931211471558,135539.0
78.90968918800354,135531.0
79.02022314071655,135522.0
79.13076138496399,135533.0
79.24149417877197,135538.0
79.35190033912659,135530.0
79.46261811256409,135570.0
79.57285523414612,135580.0
79.68367838859558,135560.0
79.7942042350769,135597.0
79.91696310043335,135550.0
80.01142239570618,135550.0
80.12225723266602,135640.0
80.23295521736145,135580.0
80.34355616569519,135541.0
80.45405316352844,135550.0
80.56444430351257,135533.0
80.67514538764954,135537.0
80.78550624847412,135565.0
80.89636731147766,135562.0
81.00671720504761,135564.0
81.11719226837158,135555.0
81.22778820991516,135575.0
81.33844518661499,135553.0
81.44902420043945,135560.0
81.55932426452637,135586.0
81.67015504837036,135582.0
81.78063726425171,135580.0
81.8912193775177,135587.0
81.99782228469849,135581.0
82.10869932174683,135570.0
82.21927499771118,135551.0
82.3297483921051,135543.0
82.44059228897095,135521.0
82.55067324638367,135525.0
82.6615822315216,135567.0
82.7718493938446,135566.0
82.88268518447876,135563.0
82.9929871559143,135533.0
83.10371613502502,135534.0
83.2141981124878,135566.0
83.32491326332092,135539.0
83.4355583190918,135548.0
83.54578924179077,135504.0
83.65658807754517,135498.0
83.767019033432,135537.0
83.87764811515808,135502.0
83.98469138145447,135517.0
84.09500122070312,135503.0
84.20580506324768,135530.0
84.3161883354187,135539.0
84.42708826065063,135555.0
84.53747415542603,135542.0
84.6476993560791,135489.0
84.75859212875366,135527.0
84.8688292503357,135518.0
84.97967314720154,135495.0
85.08983135223389,135470.0
85.20081925392151,135505.0
85.31134414672852,135547.0
85.42182397842407,135548.0
85.53242802619934,135531.0
85.6428291797638,135505.0
85.7534191608429,135489.0
85.86413908004761,135541.0
85.97061514854431,135532.0
86.08166408538818,135529.0
86.19202828407288,135529.0
86.30280709266663,135567.0
86.41304230690002,135506.0
86.52400922775269,135500.0
86.63426303863525,135499.0
86.7449471950531,135490.0
86.85557413101196,135503.0
86.96579718589783,135527.0
87.07668209075928,135521.0
87.18705010414124,135550.0
87.2977831363678,135571.0
87.40812802314758,135559.0
87.51876020431519,135569.0
87.62944626808167,135540.0
87.73983430862427,135520.0
87.85044503211975,135510.0
87.95753526687622,135499.0
88.06783103942871,135515.0
88.17868518829346,135519.0
88.28892636299133,135537.0
88.39985013008118,135509.0
88.51013517379761,135532.0
88.62076115608215,135479.0
88.73118829727173,135490.0
88.84181118011475,135529.0
88.95251417160034,135527.0
89.06289720535278,135483.0
89.17359614372253,135468.0
89.28400206565857,135460.0
89.39465236663818,135496.0
89.50514721870422,135486.0
89.61574220657349,135515.0
89.72620630264282,135504.0
89.83691334724426,135556.0
89.94383835792542,135476.0
90.05438208580017,135464.0
90.16509008407593,135518.0
90.2756621837616,135487.0
90.38625836372375,135441.0
90.49676537513733,135438.0
90.60723829269409,135455.0
90.71781921386719,135473.0
90.82825708389282,135520.0
90.93901324272156,135529.0
91.0494031906128,135525.0
91.15988206863403,135487.0
91.27071022987366,135498.0
91.38117718696594,135495.0
91.49165916442871,135512.0
91.60234332084656,135503.0
91.71269822120667,135506.0
91.82339024543762,135503.0
91.93376421928406,135497.0
92.04080724716187,135454.0
92.1513442993164,135438.0
92.26215124130249,135445.0
92.37257719039917,135488.0
92.48287105560303,135482.0
92.59361720085144,135521.0
92.70433616638184,135499.0
92.81481528282166,135478.0
92.92548131942749,135472.0
93.03593802452087,135493.0
93.14642930030823,135501.0
93.25707221031189,135475.0
93.36747717857361,135461.0
93.47815132141113,135496.0
93.58857703208923,135490.0
93.69929814338684,135485.0
93.80972695350647,135490.0
93.92037415504456,135491.0
94.02734208106995,135517.0
94.13814520835876,135513.0
94.24846839904785,135465.0
94.35904836654663,135488.0
94.46961426734924,135529.0
94.58015632629395,135508.0
94.69052314758301,135457.0
94.80118727684021,135460.0
94.91169714927673,135478.0
95.02235126495361,135450.0
95.13301825523376,135446.0
95.24346232414246,135492.0
95.35391998291016,135489.0
95.46459913253784,135500.0
95.5749523639679,135531.0
95.68554925918579,135514.0
95.79627418518066,135488.0
95.90677404403687,135481.0
96.01377725601196,135496.0
96.12426114082336,135443.0
96.23508620262146,135476.0
96.34553337097168,135469.0
96.45601630210876,135436.0
96.5662453174591,135452.0
96.6770920753479,135445.0
96.78769516944885,135465.0
96.89820313453674,135478.0
97.00881314277649,135458.0
97.11913228034973,135515.0
97.22986030578613,135503.0
97.34035205841064,135553.0
97.45100331306458,135523.0
97.56143116950989,135520.0
97.67218613624573,135536.0
97.78271722793579,135493.0
97.89319014549255,135513.0
98.00024032592773,135558.0
98.1107850074768,135517.0
98.22118139266968,135502.0
98.33175921440125,135487.0
98.44242930412292,135491.0
98.55299210548401,135531.0
98.66331315040588,135535.0
98.77413320541382,135518.0
98.88466215133667,135465.0
98.99511814117432,135488.0
99.10571217536926,135514.0
99.21624231338501,135506.0
99.32691216468811,135524.0
99.43744015693665,135467.0
99.54782629013062,135440.0
99.65847516059875,135514.0
99.76892518997192,135570.0
99.87969517707825,135505.0
99.98665714263916,135504.0
100.0971851348877,135516.0
100.20772933959961,135539.0
100.31833815574646,135538.0
100.42888331413269,135531.0
100.53949522972107,135504.0
100.64999222755432,135484.0
100.76054239273071,135467.0
100.87094807624817,135494.0
100.98160934448242,135536.0
101.09196209907532,135521.0
101.20281028747559,135492.0
101.3131833076477,135498.0
101.42377018928528,135515.0
101.53440833091736,135527.0
101.64468121528625,135482.0
101.75551414489746,135499.0
101.86592721939087,135498.0
101.97296214103699,135491.0
102.08364820480347,135492.0
102.19431018829346,135509.0
102.30473613739014,135520.0
102.4152603149414,135495.0
102.5258560180664,135513.0
102.63625597953796,135501.0
102.74681115150452,135484.0
102.85739231109619,135520.0
102.96806120872498,135588.0
103.0785322189331,135567.0
103.18901920318604,135496.0
103.29974341392517,135509.0
103.41028928756714,135508.0
103.52085518836975,135517.0
103.63141918182373,135509.0
103.74198031425476,135511.0
103.85239219665527,135524.0
103.95952010154724,135515.0
104.06996726989746,135518.0
104.1807312965393,135504.0
104.29105019569397,135529.0
104.40177822113037,135522.0
104.5121910572052,135551.0
104.62266111373901,135546.0
104.73338437080383,135514.0
104.8438971042633,135477.0
104.9543731212616,135495.0
105.06503415107727,135513.0
105.17562437057495,135503.0
105.28612208366394,135487.0
105.3966121673584,135525.0
105.50717329978943,135542.0
105.61784505844116,135533.0
105.7282702922821,135524.0
105.83887934684753,135506.0
105.94594717025757,135491.0
106.05638933181763,135496.0
106.16717624664307,135477.0
106.27749419212341,135514.0
106.38813519477844,135490.0
106.49858832359314,135506.0
106.60911631584167,135493.0
106.71981906890869,135487.0
106.83027505874634,135497.0
106.94092106819153,135519.0
107.05136203765869,135535.0
107.16203904151917,135481.0
107.27256441116333,135485.0
107.38305616378784,135525.0
107.49365234375,135512.0
107.60413122177124,135509.0
107.71491527557373,135536.0
107.82536911964417,135497.0
107.9320981502533,135509.0
108.0428900718689,135505.0
108.15358114242554,135542.0
108.2638783454895,135492.0
108.37457919120789,135440.0
108.48497724533081,135492.0
108.59549617767334,135507.0
108.70623207092285,135579.0
108.81663107872009,135546.0
108.92735123634338,135516.0
109.03788328170776,135515.0
109.14847326278687,135502.0
109.25901627540588,135530.0
109.36963319778442,135495.0
109.48002409934998,135488.0
109.59039616584778,135517.0
109.70114827156067,135551.0
109.81176018714905,135482.0
109.91865229606628,135529.0
110.02934122085571,135525.0
110.13963437080383,135524.0
110.25040531158447,135506.0
110.36106419563293,135551.0
110.47142505645752,135514.0
110.58213925361633,135482.0
110.6927661895752,135520.0
110.80312824249268,135556.0
110.9136073589325,135552.0
111.02431321144104,135501.0
111.1346480846405,135561.0
111.24540424346924,135540.0
111.35596537590027,135494.0
111.46643829345703,135496.0
111.5770890712738,135496.0
111.6875741481781,135492.0
111.79821014404297,135551.0
111.90529727935791,135508.0
112.01567316055298,135508.0
112.12622213363647,135558.0
112.23675537109375,135567.0
112.34742522239685,135547.0
112.4579861164093,135448.0
112.5685031414032,135466.0
112.67917323112488,135483.0
112.789635181427,135488.0
112.90021419525146,135485.0
113.01054835319519,135447.0
113.12128210067749,135588.0
113.23175239562988,135559.0
113.34240317344666,135511.0
113.45289421081543,135485.0
113.56342625617981,135478.0
113.67403435707092,135526.0
113.78455328941345,135544.0
113.8916380405426,135494.0
114.0021071434021,135520.0
114.11252403259277,135538.0
114.22331714630127,135532.0
114.33381032943726,135506.0
114.44442319869995,135468.0
114.55493140220642,135476.0
114.66549921035767,135547.0
114.77623128890991,135580.0
114.88647222518921,135527.0
114.99724316596985,135523.0
115.10766005516052,135474.0
115.21834421157837,135470.0
115.32883095741272,135504.0
115.43928027153015,135499.0
115.54994511604309,135520.0
115.66035032272339,135514.0
115.77104306221008,135558.0
115.87807321548462,135531.0
115.98853611946106,135486.0
116.0990400314331,135508.0
116.20970821380615,135525.0
116.31994819641113,135506.0
116.43072938919067,135513.0
116.54131507873535,135507.0
116.65179705619812,135502.0
116.76250123977661,135485.0
116.87306022644043,135516.0
116.9833972454071,135541.0
117.09416604042053,135496.0
117.20464015007019,135481.0
117.31516122817993,135494.0
117.4257242679596,135496.0
117.53625440597534,135526.0
117.6466212272644,135534.0
117.7574143409729,135499.0
117.8645441532135,135517.0
117.97480916976929,135516.0
118.0852689743042,135498.0
118.19598841667175,135541.0
118.30669116973877,135577.0
118.41732215881348,135498.0
118.52784013748169,135459.0
118.63846611976624,135507.0
118.74879908561707,135573.0
118.85934829711914,135547.0
118.97000336647034,135513.0
119.08062624931335,135459.0
119.19114708900452,135500.0
119.30166816711426,135491.0
119.41200828552246,135460.0
119.52284121513367,135466.0
119.63332200050354,135498.0
119.74389123916626,135494.0
119.85094809532166,135484.0
119.96147203445435,135475.0
120.07187819480896,135461.0
120.182772397995,135504.0
120.2930052280426,135517.0
120.4036910533905,135514.0
120.51429915428162,135546.0
120.62459230422974,135523.0
120.73536324501038,135480.0
120.84574103355408,135422.0
120.95637035369873,135465.0
121.06695127487183,135513.0
121.17771816253662,135508.0
121.28805923461914,135508.0
121.39869618415833,135500.0
121.50925326347351,135443.0
121.61979007720947,135468.0
121.73030138015747,135490.0
121.83723425865173,135492.0
121.9478051662445,135471.0
122.05831718444824,135468.0
122.16883111000061,135499.0
122.27954816818237,135489.0
122.39001703262329,135521.0
122.5005521774292,135457.0
122.6112151145935,135481.0
122.72165298461914,135485.0
122.83213114738464,135473.0
122.94288420677185,135521.0
123.0533721446991,135465.0
123.16401219367981,135493.0
123.27456021308899,135494.0
123.38517236709595,135516.0
123.49564218521118,135487.0
123.6059741973877,135442.0
123.71676516532898,135503.0
123.82379531860352,135505.0
123.93417811393738,135482.0
124.04473924636841,135527.0
124.15546607971191,135513.0
124.2657721042633,135467.0
124.37641024589539,135538.0
124.48711609840393,135522.0
124.59753131866455,135515.0
124.7081241607666,135504.0
124.81880927085876,135496.0
124.92937111854553,135494.0
125.03965425491333,135493.0
125.15043020248413,135507.0
125.26094913482666,135481.0
125.3715353012085,135481.0
125.48207998275757,135483.0
125.59241318702698,135485.0
125.7030291557312,135443.0
125.80999827384949,135452.0
125.9207091331482,135442.0
126.0312511920929,135490.0
126.14205002784729,135501.0
126.25255227088928,135494.0
126.36297917366028,135492.0
126.47343111038208,135501.0
126.58387207984924,135496.0
126.69470119476318,135475.0
126.80509805679321,135535.0
126.91572403907776,135507.0
127.02634024620056,135489.0
127.13674426078796,135487.0
127.24745607376099,135442.0
127.35787010192871,135488.0
127.46847224235535,135492.0
127.57906222343445,135489.0
127.6896550655365,135507.0
127.79665517807007,135474.0
127.90706419944763,135477.0
128.01773309707642,135517.0
128.12842535972595,135496.0
128.23863124847412,135489.0
128.34945011138916,135545.0
128.4597692489624,135555.0
128.57051539421082,135536.0
128.680908203125,135501.0
128.79159927368164,135455.0
128.9020552635193,135451.0
129.01253509521484,135531.0
129.12316012382507,135498.0
129.2337212562561,135492.0
129.34437727928162,135502.0
129.45482802391052,135501.0
129.56547713279724,135523.0
129.67594814300537,135509.0
129.782968044281,135515.0
129.89359211921692,135539.0
130.00397324562073,135527.0
130.11467623710632,135512.0
130.22509622573853,135502.0
130.3356533050537,135545.0
130.44635319709778,135497.0
130.55680322647095,135504.0
130.66738629341125,135533.0
130.77803111076355,135556.0
130.88855409622192,135573.0
130.99911618232727,135510.0
131.10954427719116,135548.0
131.22014117240906,135616.0
131.3305892944336,135573.0
131.4413549900055,135536.0
131.55176329612732,135521.0
131.6623454093933,135565.0
131.7694902420044,135559.0
131.87989711761475,135587.0
131.9903953075409,135604.0
132.1014220714569,135603.0
132.21161723136902,135538.0
132.3222451210022,135513.0
132.43276715278625,135555.0
132.54283809661865,135547.0
132.6539330482483,135553.0
132.7645103931427,135545.0
132.87486124038696,135514.0
132.98559308052063,135531.0
133.09602618217468,135526.0
133.20666122436523,135564.0
133.3172390460968,135618.0
133.42764329910278,135596.0
133.53833436965942,135588.0
133.64865517616272,135608.0
133.75548315048218,135594.0
133.86650705337524,135554.0
133.9769914150238,135527.0
134.08726406097412,135535.0
134.19803714752197,135600.0
134.30870127677917,135541.0
134.41913318634033,135553.0
134.52957224845886,135539.0
134.64042115211487,135577.0
134.7507402896881,135579.0
134.86148309707642,135580.0
134.9719111919403,135597.0
135.08256101608276,135580.0
135.19306707382202,135585.0
135.30355215072632,135568.0
135.41424417495728,135601.0
135.52458214759827,135612.0
135.63528513908386,135586.0
135.74238109588623,135608.0
135.85276007652283,135587.0
135.96331024169922,135554.0
136.07385230064392,135586.0
136.18454813957214,135575.0
136.29499697685242,135564.0
136.40565299987793,135586.0
136.51610612869263,135631.0
136.6265721321106,135628.0
136.73737335205078,135626.0
136.84778904914856,135634.0
136.95837020874023,135634.0
137.0690701007843,135632.0
137.1794559955597,135601.0
137.2901110649109,135576.0
137.4005081653595,135613.0
137.51119017601013,135600.0
137.62159633636475,135591.0
137.728422164917,135620.0
137.8394491672516,135649.0
137.94968438148499,135653.0
138.06038808822632,135584.0
138.17086625099182,135595.0
138.28132820129395,135646.0
138.39211535453796,135618.0
138.50244140625,135598.0
138.61319518089294,135600.0
138.723717212677,135579.0
138.83434009552002,135587.0
138.9449462890625,135599.0
139.05535411834717,135595.0
139.16586804389954,135611.0
139.27644538879395,135609.0
139.3870813846588,135585.0
139.49748039245605,135583.0
139.60811519622803,135620.0
139.71502828598022,135637.0
139.82556629180908,135630.0
139.93627643585205,135638.0
140.04686212539673,135642.0
140.15734028816223,135632.0
140.26778435707092,135582.0
140.3784282207489,135607.0
140.4890902042389,135651.0
140.59949731826782,135606.0
140.70998620986938,135610.0
140.82074332237244,135643.0
140.93116807937622,135612.0
141.04175209999084,135613.0
141.1524202823639,135612.0
141.26270723342896,135627.0
141.37348628044128,135614.0
141.48396015167236,135594.0
141.59458112716675,135572.0
141.7013921737671,135578.0
141.81203937530518,135568.0
141.92272996902466,135612.0
142.03308415412903,135613.0
142.14376711845398,135658.0
142.2542610168457,135609.0
142.3649342060089,135618.0
142.4753773212433,135589.0
142.58589625358582,135597.0
142.6964910030365,135589.0
142.80714011192322,135566.0
142.91766333580017,135605.0
143.028076171875,135634.0
143.13882541656494,135648.0
143.24934124946594,135666.0
143.3599271774292,135615.0
143.4704670906067,135570.0
143.58102917671204,135641.0
143.6881332397461,135589.0
143.79850220680237,135598.0
143.9091591835022,135627.0
144.01975417137146,135593.0
144.13027715682983,135593.0
144.24064922332764,135614.0
144.3512372970581,135627.0
144.4619162082672,135611.0
144.57235312461853,135617.0
144.68307614326477,135597.0
144.79351615905762,135568.0
144.90411925315857,135622.0
145.01470732688904,135628.0
145.12499523162842,135607.0
145.23581528663635,135611.0
145.34626030921936,135626.0
145.45689511299133,135615.0
145.56749725341797,135617.0
145.67418909072876,135629.0
145.78501725196838,135576.0
145.89554405212402,135566.0
146.00609731674194,135582.0
146.1166603565216,135554.0
146.2271213531494,135560.0
146.33783602714539,135564.0
146.44826126098633,135573.0
146.55875730514526,135609.0
146.66925024986267,135638.0
146.78000020980835,135624.0
146.89046120643616,135635.0
147.00109815597534,135611.0
147.11182522773743,135602.0
147.22202920913696,135639.0
147.33277797698975,135619.0
147.4433262348175,135600.0
147.5538990497589,135546.0
147.66088604927063,135574.0
147.7714831829071,135622.0
147.88198518753052,135616.0
147.99248838424683,135579.0
148.10293912887573,135564.0
148.2136881351471,135569.0
148.32422709465027,135549.0
148.43475317955017,135572.0
148.54522013664246,135568.0
148.65590810775757,135565.0
148.766282081604,135544.0
148.87681221961975,135600.0
148.98756623268127,135589.0
149.0977909564972,135574.0
149.20850038528442,135594.0
149.31908202171326,135573.0
149.42973637580872,135578.0
149.5403950214386,135582.0
149.6472132205963,135615.0
149.75789737701416,135599.0
149.86851525306702,135580.0
149.97877311706543,135554.0
150.08920216560364,135572.0
150.20012211799622,135523.0
150.31044936180115,135528.0
150.42121124267578,135523.0
150.5316722393036,135562.0
150.6422553062439,135655.0
150.75275230407715,135615.0
150.8634831905365,135555.0
150.9738392829895,135542.0
151.084308385849,135528.0
151.19504618644714,135528.0
151.30564618110657,135532.0
151.41620302200317,135525.0
151.52659511566162,135585.0
151.63345527648926,135602.0
151.74436402320862,135550.0
151.85491514205933,135538.0
151.9653902053833,135606.0
152.075941324234,135610.0
152.18626022338867,135598.0
152.29705810546875,135565.0
152.4074501991272,135565.0
152.51810216903687,135551.0
152.62851929664612,135517.0
152.73925399780273,135523.0
152.84975409507751,135545.0
152.96025133132935,135589.0
153.07098007202148,135567.0
153.18130612373352,135536.0
153.29200220108032,135520.0
153.40251541137695,135525.0
153.51316022872925,135569.0
153.61996912956238,135545.0
153.73072934150696,135523.0
153.84127736091614,135527.0
153.95180535316467,135571.0
154.06217122077942,135569.0
154.17297315597534,135531.0
154.28351998329163,135548.0
154.3940191268921,135560.0
154.50445127487183,135534.0
154.61509037017822,135591.0
154.72560930252075,135591.0
154.83629322052002,135525.0
154.94679236412048,135510.0
155.05734419822693,135530.0
155.16802310943604,135516.0
155.27839016914368,135550.0
155.3890323638916,135504.0
155.49960708618164,135544.0
155.60666012763977,135525.0
155.71714043617249,135523.0
155.827712059021,135529.0
155.93813514709473,135505.0
156.04881405830383,135483.0
156.15930438041687,135518.0
156.26984930038452,135539.0
156.38049221038818,135580.0
156.49092197418213,135569.0
156.60146307945251,135547.0
156.7121353149414,135545.0
156.82274627685547,135615.0
156.93321418762207,135593.0
157.04360508918762,135560.0
157.1543140411377,135545.0
157.26486825942993,135547.0
157.37549114227295,135540.0
157.48598623275757,135541.0
157.59256029129028,135565.0
157.70360326766968,135550.0
157.81404209136963,135528.0
157.924720287323,135537.0
158.035236120224,135524.0
158.14564037322998,135515.0
158.2563681602478,135532.0
158.3666923046112,135540.0
158.47753524780273,135520.0
158.5878782272339,135535.0
158.69843316078186,135521.0
158.8090980052948,135510.0
158.9195442199707,135466.0
159.03022122383118,135506.0
159.14070916175842,135518.0
159.2513611316681,135508.0
159.36188912391663,135463.0
159.4724452495575,135502.0
159.58300518989563,135517.0
159.689866065979,135537.0
159.80055332183838,135513.0
159.91099333763123,135477.0
160.02153539657593,135516.0
160.13207912445068,135496.0
160.24292826652527,135480.0
160.35313940048218,135489.0
160.46393704414368,135495.0
160.5743260383606,135496.0
160.68505215644836,135519.0
160.79549312591553,135510.0
160.90608525276184,135489.0
161.01665830612183,135496.0
161.1272692680359,135532.0
161.23779034614563,135535.0
161.34832429885864,135550.0
161.45891404151917,135548.0
161.56593322753906,135489.0
161.67632937431335,135500.0
161.78698420524597,135538.0
161.8974211215973,135549.0
162.00799226760864,135536.0
162.11862230300903,135491.0
162.22907519340515,135496.0
162.33980417251587,135500.0
162.45018029212952,135493.0
162.56094908714294,135498.0
162.67125034332275,135474.0
162.78182220458984,135506.0
162.89254236221313,135519.0
163.0031452178955,135503.0
163.1135663986206,135545.0
163.22410917282104,135547.0
163.3348023891449,135468.0
163.44510531425476,135482.0
163.55583119392395,135467.0
163.66289830207825,135497.0
163.773344039917,135516.0
163.88396620750427,135495.0
163.99441528320312,135494.0
164.10470819473267,135450.0
164.21565628051758,135442.0
164.32587814331055,135477.0
164.4367332458496,135494.0
164.5472493171692,135502.0
164.65783619880676,135435.0
164.76826810836792,135488.0
164.87884211540222,135488.0
164.9894630908966,135447.0
165.0998682975769,135435.0
165.21063613891602,135475.0
165.32108330726624,135517.0
165.43166327476501,135496.0
165.54216122627258,135504.0
165.64923429489136,135480.0
165.7598373889923,135509.0
165.87046933174133,135502.0
165.9807801246643,135552.0
166.09116435050964,135522.0
166.20205807685852,135484.0
166.31246423721313,135467.0
166.42314314842224,135477.0
166.53372812271118,135462.0
166.64428329467773,135513.0
166.7547972202301,135517.0
166.86538314819336,135506.0
166.97580122947693,135510.0
167.08637809753418,135487.0
167.19698929786682,135450.0
167.3075671195984,135427.0
167.41819715499878,135488.0
167.5285313129425,135492.0
167.6357192993164,135443.0
167.74624633789062,135474.0
167.85666418075562,135467.0
167.96725130081177,135544.0
168.07794833183289,135505.0
168.18847012519836,135476.0
168.29905104637146,135518.0
168.409743309021,135511.0
168.52016425132751,135514.0
168.6304771900177,135508.0
168.74128818511963,135475.0
168.85181617736816,135471.0
168.96237230300903,135471.0
169.0729582309723,135482.0
169.18331623077393,135518.0
169.29404020309448,135503.0
169.4046893119812,135496.0
169.5151071548462,135480.0
169.62215328216553,135504.0
169.73252320289612,135473.0
169.8427221775055,135460.0
169.95367622375488,135492.0
170.06437134742737,135427.0
170.17502617835999,135444.0
170.28514313697815,135481.0
170.39604306221008,135463.0
170.50647115707397,135499.0
170.61697220802307,135499.0
170.7276270389557,135490.0
170.8382432460785,135493.0
170.94875812530518,135486.0
171.05930614471436,135471.0
171.1699731349945,135482.0
171.28035020828247,135505.0
171.3909523487091,135498.0
171.50144004821777,135484.0
171.60857605934143,135451.0
171.71903896331787,135517.0
171.82956218719482,135521.0
171.94004726409912,135479.0
172.05073523521423,135425.0
172.1613540649414,135428.0
172.27187418937683,135497.0
172.38244819641113,135517.0
172.492995262146,135477.0
172.60339522361755,135466.0
172.7141330242157,135482.0
172.8245770931244,135489.0
172.9352161884308,135467.0
173.04570531845093,135452.0
173.1563582420349,135486.0
173.26679921150208,135461.0
173.37737441062927,135472.0
173.48794603347778,135476.0
173.59468913078308,135462.0
173.70555806159973,135462.0
173.81611013412476,135467.0
173.9266402721405,135515.0
174.03710317611694,135494.0
174.14785838127136,135453.0
174.25830721855164,135455.0
174.3687400817871,135463.0
174.47940135002136,135461.0
174.5896623134613,135495.0
174.7005021572113,135481.0
174.81111121177673,135461.0
174.92163920402527,135479.0
175.0321831703186,135468.0
175.14249539375305,135441.0
175.25332140922546,135468.0
175.36376810073853,135440.0
175.47437810897827,135454.0
175.5813422203064,135491.0
175.69194436073303,135519.0
175.8025143146515,135478.0
175.9131462574005,135532.0
176.02361226081848,135506.0
176.13415122032166,135450.0
176.24467039108276,135433.0
176.35529708862305,135463.0
176.46586227416992,135495.0
176.5763862133026,135492.0
176.6869602203369,135507.0
176.79743003845215,135487.0
176.90812635421753,135480.0
177.01861119270325,135457.0
177.12922716140747,135432.0
177.23961114883423,135463.0
177.35027623176575,135459.0
177.46081924438477,135506.0
177.56787037849426,135513.0
177.67820620536804,135500.0
177.7889153957367,135475.0
177.89945816993713,135518.0
178.00992512702942,135482.0
178.12089705467224,135443.0
178.2312512397766,135480.0
178.34160614013672,135478.0
178.4521951675415,135518.0
178.56253123283386,135447.0
178.67338919639587,135446.0
178.78384518623352,135459.0
178.89451217651367,135481.0
179.0050711631775,135493.0
179.11559510231018,135474.0
179.22615814208984,135499.0
179.33667826652527,135487.0
179.44709515571594,135431.0
179.55429124832153,135446.0
179.664813041687,135478.0
179.77523612976074,135477.0
179.88592100143433,135452.0
179.99630522727966,135444.0
180.1068992614746,135476.0
180.217600107193,135508.0
180.32805037498474,135471.0
180.4386920928955,135502.0
180.54905128479004,135509.0
180.6598620414734,135521.0
180.77029418945312,135524.0
180.8809311389923,135500.0
180.9914653301239,135488.0
181.1020474433899,135465.0
181.21254014968872,135468.0
181.32311916351318,135499.0
181.43368220329285,135490.0
181.5407133102417,135484.0
181.65137219429016,135476.0
181.76181316375732,135514.0
181.87238311767578,135475.0
181.98290920257568,135475.0
182.09338212013245,135458.0
182.20408701896667,135479.0
182.31444931030273,135513.0
182.42508220672607,135461.0
182.53552412986755,135430.0
182.6462802886963,135495.0
182.75678324699402,135506.0
182.86733722686768,135460.0
182.97778916358948,135444.0
183.08833718299866,135466.0
183.1988663673401,135476.0
183.30957317352295,135471.0
183.42002820968628,135467.0
183.5269751548767,135499.0
183.63762617111206,135510.0
183.74821305274963,135494.0
183.85820627212524,135497.0
183.96879529953003,135509.0
184.07930612564087,135446.0
184.1899824142456,135432.0
184.3004653453827,135471.0
184.4110860824585,135467.0
184.52164816856384,135482.0
184.63215517997742,135462.0
184.7427933216095,135484.0
184.8533501625061,135484.0
184.96391320228577,135502.0
185.0744481086731,135499.0
185.18501615524292,135487.0
185.2955722808838,135492.0
185.40614318847656,135502.0
185.51302814483643,135506.0
185.62349915504456,135492.0
185.7340362071991,135563.0
185.8445601463318,135486.0
185.95516920089722,135507.0
186.0656623840332,135512.0
186.1762821674347,135573.0
186.286856174469,135504.0
186.39742732048035,135459.0
186.50800919532776,135470.0
186.61851906776428,135459.0
186.72911834716797,135479.0
186.83978533744812,135513.0
186.95024013519287,135514.0
187.06085729599,135490.0
187.17138719558716,135497.0
187.2819471359253,135493.0
187.39256024360657,135481.0
187.49932217597961,135453.0
187.60985803604126,135479.0
187.72041702270508,135483.0
187.83096504211426,135443.0
187.94163036346436,135515.0
188.05214524269104,135503.0
188.16274523735046,135481.0
188.27330613136292,135430.0
188.3839032649994,135417.0
188.49492621421814,135447.0
188.60539436340332,135421.0
188.71593523025513,135462.0
188.82661414146423,135469.0
188.93720030784607,135492.0
189.04769325256348,135493.0
189.15830826759338,135459.0
189.26870226860046,135490.0
189.37939715385437,135467.0
189.4864330291748,135466.0
189.59677004814148,135437.0
189.70751905441284,135441.0
189.81809520721436,135483.0
189.92863416671753,135486.0
190.03921937942505,135512.0
190.14947724342346,135548.0
190.26026320457458,135530.0
190.37070631980896,135501.0
190.48160529136658,135452.0
190.59186935424805,135466.0
190.70243406295776,135498.0
190.81298208236694,135492.0
190.923513174057,135494.0
191.03421902656555,135479.0
191.1446521282196,135471.0
191.25529599189758,135403.0
191.36568331718445,135391.0
191.4727282524109,135439.0
191.58327341079712,135461.0
191.69379210472107,135472.0
191.8045392036438,135489.0
191.9150710105896,135461.0
192.0256371498108,135504.0
192.136212348938,135491.0
192.24670433998108,135460.0
192.3572862148285,135428.0
192.4677231311798,135468.0
192.57841515541077,135494.0
192.68893218040466,135489.0
192.79943013191223,135481.0
192.90997505187988,135479.0
193.02048420906067,135486.0
193.13116025924683,135437.0
193.24168920516968,135448.0
193.35224509239197,135460.0
193.45926117897034,135433.0
193.56975317001343,135486.0
193.68025922775269,135465.0
193.79068732261658,135459.0
193.90157413482666,135533.0
194.01202917099,135536.0
194.12261414527893,135525.0
194.23302912712097,135475.0
194.3436563014984,135438.0
194.4542362689972,135495.0
194.56466627120972,135470.0
194.67524313926697,135466.0
194.78579306602478,135521.0
194.89639925956726,135505.0
195.00704622268677,135466.0
195.11729407310486,135470.0
195.22809433937073,135468.0
195.33847332000732,135466.0
195.44547629356384,135486.0
195.55625438690186,135426.0
195.66733121871948,135429.0
195.7773633003235,135450.0
195.887793302536,135481.0
195.9984531402588,135492.0
196.10917139053345,135494.0
196.21947121620178,135488.0
196.33011627197266,135529.0
196.44059324264526,135461.0
196.55121612548828,135462.0
196.6617841720581,135484.0
196.77233815193176,135493.0
196.88289713859558,135470.0
196.9934561252594,135478.0
197.10387921333313,135490.0
197.2145552635193,135459.0
197.32508420944214,135434.0
197.43214416503906,135445.0
197.54262924194336,135458.0
197.65322422981262,135469.0
197.7637550830841,135458.0
197.87443041801453,135495.0
197.9847321510315,135542.0
198.09522414207458,135526.0
198.20604538917542,135477.0
198.31607508659363,135469.0
198.4271023273468,135475.0
198.53741312026978,135467.0
198.6482412815094,135457.0
198.75869011878967,135495.0
198.86933612823486,135479.0
198.97986936569214,135491.0
199.09017324447632,135433.0
199.2009572982788,135432.0
199.31143403053284,135430.0
199.41845297813416,135487.0
199.52910327911377,135496.0
199.63914227485657,135459.0
199.75016808509827,135488.0
199.86077618598938,135459.0
199.97124218940735,135468.0
200.0817573070526,135493.0
200.19243907928467,135474.0
200.30291509628296,135485.0
200.413419008255,135453.0
200.5239691734314,135443.0
200.63457107543945,135484.0
200.74520421028137,135496.0
200.8557412624359,135443.0
200.96624207496643,135394.0
201.07667303085327,135473.0
201.187358379364,135468.0
201.29773116111755,135507.0
201.4050362110138,135506.0
201.51555132865906,135487.0
201.62572717666626,135490.0
201.73660111427307,135459.0
201.84714221954346,135455.0
201.95773434638977,135443.0
202.067969083786,135467.0
202.1788260936737,135500.0
202.28926730155945,135515.0
202.39995431900024,135497.0
202.51047706604004,135431.0
202.62081098556519,135468.0
202.73162603378296,135498.0
202.84208822250366,135522.0
202.95271611213684,135511.0
203.0632622241974,135536.0
203.17381310462952,135534.0
203.2844033241272,135471.0
203.39113426208496,135454.0
203.5019509792328,135439.0
203.6124222278595,135445.0
203.72297430038452,135468.0
203.83360719680786,135491.0
203.9441511631012,135516.0
204.05473732948303,135497.0
204.16534233093262,135496.0
204.27567219734192,135480.0
204.38639521598816,135490.0
204.4968183040619,135507.0
204.60725927352905,135529.0
204.7177381515503,135511.0
204.8286211490631,135514.0
204.93926310539246,135496.0
205.04969811439514,135476.0
205.16016221046448,135499.0
205.27063608169556,135502.0
205.3778281211853,135462.0
205.48826909065247,135456.0
205.5986831188202,135462.0
205.7093381881714,135433.0
205.81979131698608,135437.0
205.93061017990112,135452.0
206.04091906547546,135497.0
206.15161514282227,135529.0
206.2622311115265,135493.0
206.37286400794983,135487.0
206.4832901954651,135465.0
206.59378099441528,135439.0
206.70450830459595,135490.0
206.81475710868835,135525.0
206.92558121681213,135522.0
207.036137342453,135464.0
207.14664816856384,135465.0
207.25719022750854,135475.0
207.36394333839417,135478.0
207.47489213943481,135463.0
207.58520603179932,135467.0
207.6958043575287,135409.0
207.8065631389618,135379.0
207.91700315475464,135438.0
208.02728724479675,135454.0
208.13807940483093,135431.0
208.24871134757996,135437.0
208.35933423042297,135494.0
208.4697892665863,135445.0
208.58034110069275,135448.0
208.69071006774902,135461.0
208.80142903327942,135471.0
208.91189622879028,135524.0
209.02252006530762,135442.0
209.1331021785736,135458.0
209.24360918998718,135451.0
209.35072112083435,135433.0
209.4612591266632,135430.0
209.57172417640686,135439.0
209.6824791431427,135459.0
209.79273533821106,135466.0
209.90346336364746,135470.0
210.01385021209717,135492.0
210.1245231628418,135527.0
210.2350242137909,135471.0
210.34573221206665,135501.0
210.45612812042236,135511.0
210.5666103363037,135545.0
210.67737436294556,135520.0
210.7878704071045,135474.0
210.89846420288086,135447.0
211.00883507728577,135475.0
211.11951327323914,135465.0
211.22995519638062,135443.0
211.34064722061157,135453.0
211.44769930839539,135505.0
211.5582263469696,135477.0
211.66892218589783,135485.0
211.7792522907257,135496.0
211.889906167984,135452.0
212.00044012069702,135419.0
212.110985994339,135447.0
212.2212142944336,135504.0
212.33208012580872,135480.0
212.44242024421692,135485.0
212.55319333076477,135483.0
212.66368627548218,135464.0
212.77432703971863,135429.0
212.8847942352295,135421.0
212.99545335769653,135433.0
213.10596418380737,135429.0
213.2165093421936,135472.0
213.32698130607605,135464.0
213.43413400650024,135475.0
213.5445272922516,135406.0
213.65521931648254,135453.0
213.76577520370483,135480.0
213.87628698349,135466.0
213.98685312271118,135496.0
214.09720516204834,135502.0
214.20798110961914,135443.0
214.318439245224,135458.0
214.42909812927246,135489.0
214.53966736793518,135491.0
214.64997220039368,135495.0
214.7607822418213,135493.0
214.87128114700317,135467.0
214.98187112808228,135497.0
215.09224915504456,135522.0
215.20294713974,135512.0
215.3136022090912,135496.0
215.42026114463806,135465.0
215.5310881137848,135462.0
215.6415822505951,135472.0
215.75190019607544,135428.0
215.86274409294128,135440.0
215.97320222854614,135467.0
216.0838761329651,135455.0
216.1943542957306,135430.0
216.30497932434082,135483.0
216.41535830497742,135518.0
216.5260820388794,135482.0
216.63667821884155,135466.0
216.74710130691528,135483.0
216.85771703720093,135493.0
216.968248128891,135511.0
217.07885003089905,135486.0
217.1892032623291,135453.0
217.29990220069885,135467.0
217.4067840576172,135454.0
217.51756715774536,135437.0
217.62786221504211,135452.0
217.73861622810364,135469.0
217.84896516799927,135437.0
217.95970034599304,135429.0
218.07016229629517,135496.0
218.1808362007141,135470.0
218.29122829437256,135446.0
218.40183520317078,135460.0
218.51236033439636,135415.0
218.622789144516,135448.0
218.73356914520264,135462.0
218.84419417381287,135498.0
218.95475816726685,135491.0
219.06516027450562,135433.0
219.1757562160492,135480.0
219.2862992286682,135457.0
219.39315032958984,135432.0
219.50390815734863,135423.0
219.61415219306946,135415.0
219.7249400615692,135426.0
219.8354902267456,135471.0
219.9460391998291,135467.0
220.0566761493683,135440.0
220.1670961380005,135473.0
220.27769231796265,135465.0
220.3883671760559,135438.0
220.49890518188477,135416.0
220.60938215255737,135456.0
220.71992921829224,135473.0
220.8305721282959,135451.0
220.94104504585266,135435.0
221.0517702102661,135467.0
221.16215825080872,135453.0
221.27278423309326,135432.0
221.3798053264618,135450.0
221.4903953075409,135460.0
221.60082030296326,135444.0
221.71147322654724,135439.0
221.8219392299652,135480.0
221.9325692653656,135495.0
222.04324626922607,135474.0
222.15350031852722,135479.0
222.26422715187073,135445.0
222.3746781349182,135472.0
222.48508024215698,135475.0
222.67688131332397,135436.0
222.75735807418823,135423.0
222.83910417556763,135438.0
222.92749905586243,135392.0
223.0379672050476,135435.0
223.14854311943054,135469.0
223.25919914245605,135459.0
223.36606907844543,135458.0
223.4766571521759,135471.0
223.58701729774475,135445.0
223.69793105125427,135403.0
223.80844902992249,135484.0
223.91884422302246,135490.0
224.02956700325012,135459.0
224.14006519317627,135420.0
224.25053524971008,135461.0
224.3611912727356,135442.0
224.47176337242126,135430.0
224.5823051929474,135475.0
224.69282627105713,135422.0
224.8034701347351,135458.0
224.9138731956482,135431.0
225.02447414398193,135459.0
225.13500428199768,135508.0
225.24548721313477,135479.0
225.3524672985077,135440.0
225.463210105896,135410.0
225.57362031936646,135417.0
225.68429732322693,135428.0
225.79481434822083,135441.0
225.9051911830902,135419.0
226.01597023010254,135449.0
226.12678813934326,135415.0
226.23701405525208,135484.0
226.3476221561432,135508.0
226.45824217796326,135460.0
226.56859707832336,135463.0
226.6792950630188,135434.0
226.78996205329895,135429.0
226.90029311180115,135477.0
227.01099634170532,135446.0
227.12180018424988,135434.0
227.23205399513245,135479.0
227.33912014961243,135496.0
227.44950222969055,135426.0
227.5601761341095,135468.0
227.6705572605133,135463.0
227.78119611740112,135478.0
227.89169931411743,135426.0
228.00236821174622,135416.0
228.11295819282532,135454.0
228.22337007522583,135459.0
228.33405208587646,135483.0
228.44452142715454,135466.0
228.55506920814514,135480.0
228.66574001312256,135480.0
228.77632927894592,135431.0
228.88681316375732,135423.0
228.9973452091217,135446.0
229.10778522491455,135477.0
229.2184660434723,135495.0
229.32527613639832,135433.0
229.43611025810242,135432.0
229.54657316207886,135418.0
229.65730929374695,135437.0
229.76773405075073,135461.0
229.8781201839447,135464.0
229.988840341568,135434.0
230.09941411018372,135465.0
230.21003913879395,135428.0
230.32038521766663,135464.0
230.43103909492493,135468.0
230.54161715507507,135473.0
230.65206813812256,135473.0
230.76264238357544,135515.0
230.8733251094818,135517.0
230.98381900787354,135477.0
231.09428215026855,135454.0
231.20489025115967,135430.0
231.31183004379272,135406.0
231.42245411872864,135482.0
231.53303623199463,135435.0
231.64383220672607,135392.0
231.75413918495178,135411.0
231.86466717720032,135453.0
231.97522020339966,135454.0
232.08561730384827,135459.0
232.19622707366943,135406.0
232.30691933631897,135420.0
232.4174542427063,135495.0
232.52787518501282,135461.0
232.63857626914978,135446.0
232.7490611076355,135460.0
232.85957503318787,135474.0
232.97021317481995,135507.0
233.0808403491974,135449.0
233.19125723838806,135415.0
233.2980442047119,135441.0
233.4089710712433,135422.0
233.5194480419159,135439.0
233.6297483444214,135456.0
233.74047827720642,135456.0
233.85112810134888,135456.0
233.961519241333,135458.0
234.0722382068634,135416.0
234.1828842163086,135398.0
234.29325222969055,135435.0
234.40379905700684,135440.0
234.51450324058533,135453.0
234.62500309944153,135513.0
234.73557138442993,135444.0
234.84603810310364,135453.0
234.9566512107849,135415.0
235.06726026535034,135407.0
235.17772316932678,135467.0
235.28470420837402,135474.0
235.3952660560608,135441.0
235.50582242012024,135461.0
235.61635422706604,135466.0
235.7270061969757,135460.0
235.83755326271057,135482.0
235.94795632362366,135475.0
236.0586941242218,135489.0
236.16949129104614,135467.0
236.27961230278015,135470.0
236.390319108963,135413.0
236.50088810920715,135427.0
236.61146426200867,135468.0
236.72199034690857,135424.0
236.83242917060852,135427.0
236.94308924674988,135455.0
237.0536503791809,135482.0
237.16414213180542,135443.0
237.27117919921875,135443.0
237.38176822662354,135462.0
237.49234414100647,135445.0
237.6028573513031,135414.0
237.71335911750793,135449.0
237.82371425628662,135461.0
237.93457412719727,135427.0
238.04502820968628,135456.0
238.15551114082336,135407.0
238.26625418663025,135413.0
238.37674021720886,135434.0
238.4873332977295,135468.0
238.59774112701416,135456.0
238.7084412574768,135479.0
238.81893610954285,135445.0
238.92955923080444,135440.0
239.0399990081787,135481.0
239.15047240257263,135438.0
239.25727009773254,135424.0
239.36823916435242,135454.0
239.47856426239014,135480.0
239.58897614479065,135479.0
239.6993851661682,135480.0
239.81045126914978,135468.0
239.92095112800598,135445.0
240.03142309188843,135453.0
240.14250707626343,135461.0
240.2525429725647,135442.0
240.3632242679596,135456.0
240.47373223304749,135463.0
240.58417201042175,135480.0
240.6948311328888,135464.0
240.8052442073822,135421.0
240.91594433784485,135433.0
241.0263922214508,135484.0
241.13695430755615,135494.0
241.24423623085022,135473.0
241.35461235046387,135474.0
241.46520614624023,135466.0
241.5757429599762,135467.0
241.68621110916138,135442.0
241.79683303833008,135444.0
241.90726232528687,135425.0
242.01792430877686,135469.0
242.12838506698608,135445.0
242.23909616470337,135453.0
242.3494873046875,135446.0
242.46011424064636,135455.0
242.5707402229309,135463.0
242.68115615844727,135449.0
242.7918610572815,135432.0
242.90235018730164,135430.0
243.0128734111786,135416.0
243.12342929840088,135458.0
243.23054003715515,135470.0
243.34081721305847,135482.0
243.45160031318665,135439.0
243.56210041046143,135480.0
243.67270231246948,135481.0
243.78321528434753,135481.0
243.89365410804749,135408.0
244.00436925888062,135392.0
244.11519718170166,135441.0
244.22548031806946,135421.0
244.33604216575623,135387.0
244.44649600982666,135445.0
244.55712819099426,135488.0
244.66816306114197,135449.0
244.778165102005,135447.0
244.88878917694092,135482.0
244.99934911727905,135465.0
245.1099090576172,135457.0
245.2204270362854,135435.0
245.32753014564514,135390.0
245.43800926208496,135450.0
245.54861426353455,135430.0
245.6590051651001,135462.0
245.7696361541748,135444.0
245.88027215003967,135385.0
245.99077820777893,135409.0
246.10124707221985,135430.0
246.21191334724426,135434.0
246.32233715057373,135436.0
246.43287134170532,135446.0
246.5435242652893,135455.0
246.65403127670288,135433.0
246.7646803855896,135444.0
246.87508130073547,135444.0
246.98577618598938,135457.0
247.09612703323364,135483.0
247.20686316490173,135466.0
247.313960313797,135428.0
247.42442226409912,135461.0
247.53503108024597,135465.0
247.64541721343994,135483.0
247.75591826438904,135436.0
247.8666923046112,135430.0
247.97704219818115,135467.0
248.0876762866974,135443.0
248.19824624061584,135444.0
248.3089201450348,135500.0
248.41928601264954,135457.0
248.52999329566956,135406.0
248.6403341293335,135414.0
248.75112223625183,135424.0
248.86147141456604,135472.0
248.97200417518616,135444.0
249.0827603340149,135452.0
249.1933512687683,135420.0
249.30037832260132,135480.0
249.41059923171997,135414.0
249.5213062763214,135378.0
249.63211226463318,135406.0
249.74246501922607,135435.0
249.8531939983368,135448.0
249.9635272026062,135435.0
250.07426619529724,135402.0
250.18465614318848,135430.0
250.2952151298523,135463.0
250.40586924552917,135442.0
250.51638913154602,135478.0
250.62706303596497,135464.0
250.7376492023468,135433.0
250.84813022613525,135492.0
250.95863604545593,135466.0
251.0691111087799,135470.0
251.17978024482727,135450.0
251.28677129745483,135458.0
251.39719915390015,135450.0
251.50785732269287,135482.0
251.61843419075012,135490.0
251.72896933555603,135524.0
251.83940029144287,135456.0
251.95007634162903,135426.0
252.06073236465454,135446.0
252.17121815681458,135456.0
252.28177428245544,135454.0
252.392343044281,135448.0
252.50276923179626,135451.0
252.6133382320404,135421.0
252.72379422187805,135403.0
252.8344624042511,135421.0
252.9450340270996,135451.0
253.05561232566833,135447.0
253.16608428955078,135406.0
253.27295112609863,135487.0
253.38373827934265,135433.0
253.4941623210907,135441.0
253.60474014282227,135416.0
253.71496438980103,135416.0
253.82597613334656,135452.0
253.936603307724,135441.0
254.04693722724915,135418.0
254.15749311447144,135453.0
254.26812744140625,135439.0
254.37861514091492,135410.0
254.48927426338196,135402.0
254.59977436065674,135432.0
254.71045422554016,135445.0
254.82098412513733,135465.0
254.93151998519897,135450.0
255.04202914237976,135500.0
255.1525661945343,135478.0
255.25953316688538,135475.0
255.36999917030334,135458.0
255.48061108589172,135489.0
255.59086418151855,135526.0
255.70183324813843,135524.0
255.81238913536072,135502.0
255.92286109924316,135443.0
256.0333340167999,135410.0
256.1441662311554,135428.0
256.2545154094696,135462.0
256.364785194397,135465.0
256.4756233692169,135480.0
256.58626222610474,135413.0
256.6965923309326,135453.0
256.8073091506958,135456.0
256.91792821884155,135428.0
257.028480052948,135403.0
257.1390862464905,135438.0
257.2461431026459,135480.0
257.35650420188904,135452.0
257.46713614463806,135446.0
257.57763028144836,135428.0
257.688273191452,135445.0
257.7987082004547,135465.0
257.9092402458191,135490.0
258.01989912986755,135506.0
258.1304712295532,135449.0
258.24094319343567,135456.0
258.3515992164612,135457.0
258.46211409568787,135491.0
258.572683095932,135479.0
258.6832182407379,135479.0
258.7937362194061,135474.0
258.9042811393738,135485.0
259.0149221420288,135458.0
259.12527108192444,135463.0
259.23258328437805,135444.0
259.34297013282776,135489.0
259.4535422325134,135457.0
259.5639772415161,135433.0
259.674857378006,135450.0
259.7851791381836,135482.0
259.8957152366638,135488.0
260.0064823627472,135514.0
260.1166820526123,135481.0
260.227401971817,135497.0
260.33792209625244,135489.0
260.4485411643982,135522.0
260.55903720855713,135483.0
260.6696503162384,135447.0
260.7800512313843,135464.0
260.89080333709717,135496.0
261.0013892650604,135477.0
261.11180114746094,135483.0
261.2189431190491,135459.0
261.3294982910156,135492.0
261.4398431777954,135501.0
261.5500981807709,135463.0
261.6611330509186,135491.0
261.77164816856384,135481.0
261.8822841644287,135482.0
261.9926462173462,135520.0
262.1032099723816,135509.0
262.2139642238617,135500.0
262.32439398765564,135434.0
262.43487524986267,135437.0
262.54543828964233,135469.0
262.6561622619629,135465.0
262.76646518707275,135462.0
262.8771631717682,135494.0
262.98778009414673,135476.0
263.09819436073303,135474.0
263.2052581310272,135489.0
263.31581020355225,135493.0
263.4262812137604,135507.0
263.5369200706482,135479.0
263.64737010002136,135461.0
263.75808930397034,135438.0
263.86858916282654,135487.0
263.9791193008423,135483.0
264.0896053314209,135481.0
264.20032835006714,135474.0
264.31086325645447,135497.0
264.42131209373474,135464.0
264.5318253040314,135489.0
264.64255023002625,135520.0
264.75294518470764,135502.0
264.8637230396271,135464.0
264.97409415245056,135431.0
265.0847291946411,135463.0
265.19154119491577,135489.0
265.3022253513336,135420.0
265.4128592014313,135452.0
265.52331709861755,135504.0
265.6338093280792,135550.0
265.74448823928833,135515.0
265.85503911972046,135501.0
265.96550035476685,135476.0
266.07599329948425,135475.0
266.18672728538513,135540.0
266.2971742153168,135584.0
266.4077413082123,135468.0
266.5184061527252,135499.0
266.62886929512024,135539.0
266.73960614204407,135504.0
266.85020637512207,135521.0
266.96052622795105,135488.0
267.0710463523865,135488.0
267.17822432518005,135477.0
267.28873229026794,135499.0
267.3990762233734,135513.0
267.50978922843933,135517.0
267.620108127594,135496.0
267.73093128204346,135479.0
267.84157633781433,135482.0
267.9520082473755,135503.0
268.06260204315186,135511.0
268.17320704460144,135502.0
268.28367614746094,135504.0
268.39414501190186,135490.0
268.5047311782837,135461.0
268.6153950691223,135463.0
268.7258231639862,135511.0
268.83655619621277,135507.0
268.94693422317505,135461.0
269.0575222969055,135475.0
269.1647741794586,135473.0
269.27498030662537,135477.0
269.38545513153076,135508.0
269.49623918533325,135580.0
269.60683131217957,135513.0
269.71718311309814,135465.0
269.8279039859772,135499.0
269.93839621543884,135476.0
270.0489761829376,135459.0
270.15915536880493,135451.0
270.2701470851898,135505.0
270.3806881904602,135512.0
270.4912130832672,135536.0
270.6017792224884,135535.0
270.71226716041565,135537.0
270.8229022026062,135534.0
270.9334602355957,135519.0
271.0439431667328,135524.0
271.151034116745,135499.0
271.2618181705475,135487.0
271.3718252182007,135526.0
271.4827001094818,135502.0
271.59311723709106,135485.0
271.70381808280945,135517.0
271.8144030570984,135539.0
271.92474913597107,135503.0
272.03548216819763,135486.0
272.1462051868439,135525.0
272.25646114349365,135514.0
272.367023229599,135523.0
272.47757720947266,135514.0
272.5881242752075,135460.0
272.69885516166687,135442.0
272.8092601299286,135468.0
272.9198191165924,135505.0
273.030353307724,135534.0
273.1375832557678,135511.0
273.24791407585144,135502.0
273.3579840660095,135507.0
273.4691593647003,135497.0
273.579567193985,135509.0
273.69022727012634,135534.0
273.8008530139923,135507.0
273.91140723228455,135488.0
274.0216691493988,135480.0
274.13245916366577,135526.0
274.2430200576782,135600.0
274.3534710407257,135498.0
274.46412324905396,135541.0
274.5746250152588,135529.0
274.6853120326996,135481.0
274.7957751750946,135476.0
274.90636920928955,135477.0
275.0167570114136,135506.0
275.1235840320587,135499.0
275.2344591617584,135464.0
275.34488701820374,135499.0
275.4552571773529,135503.0
275.56612825393677,135494.0
275.67657709121704,135498.0
275.7869644165039,135531.0
275.89774322509766,135596.0
276.0083520412445,135596.0
276.1188700199127,135568.0
276.22946524620056,135564.0
276.3398861885071,135543.0
276.4505913257599,135568.0
276.5610921382904,135531.0
276.67175817489624,135514.0
276.7822012901306,135536.0
276.89276814460754,135533.0
277.0031442642212,135482.0
277.10994720458984,135463.0
277.2209310531616,135523.0
277.3313772678375,135530.0
277.441828250885,135484.0
277.5524401664734,135471.0
277.66292929649353,135537.0
277.7736361026764,135523.0
277.8840970993042,135525.0
277.9946451187134,135550.0
278.1053113937378,135542.0
278.21571040153503,135527.0
278.3264350891113,135528.0
278.4368631839752,135554.0
278.547434091568,135541.0
278.6580431461334,135511.0
278.768550157547,135524.0
278.87919211387634,135578.0
278.9896192550659,135541.0
279.0963912010193,135525.0
279.2073802947998,135513.0
279.3177661895752,135545.0
279.4282922744751,135533.0
279.539035320282,135513.0
279.6494331359863,135529.0
279.7600750923157,135520.0
279.87049531936646,135539.0
279.9810211658478,135570.0
280.0914101600647,135516.0
280.20216822624207,135494.0
280.3128001689911,135577.0
280.42334842681885,135543.0
280.5339503288269,135495.0
280.6443111896515,135505.0
280.75508308410645,135519.0
280.86549615859985,135509.0
280.97603607177734,135553.0
281.08316111564636,135519.0
281.19352436065674,135550.0
281.30426812171936,135552.0
281.414751291275,135541.0
281.52536129951477,135512.0
281.63612627983093,135500.0
281.74644923210144,135471.0
281.85703229904175,135475.0
281.96769523620605,135543.0
282.0780131816864,135558.0
282.1886100769043,135536.0
282.2993092536926,135535.0
282.4097511768341,135563.0
282.5204482078552,135519.0
282.6309902667999,135492.0
282.74154925346375,135512.0
282.85196900367737,135491.0
282.9626512527466,135539.0
283.06925916671753,135511.0
283.1801600456238,135514.0
283.29055619239807,135517.0
283.40125799179077,135531.0
283.51160430908203,135500.0
283.6222174167633,135554.0
283.7329170703888,135544.0
283.8432970046997,135511.0
283.9540162086487,135536.0
284.0644783973694,135555.0
284.1750342845917,135542.0
284.28557419776917,135472.0
284.3962423801422,135486.0
284.50673723220825,135524.0
284.6171441078186,135554.0
284.7279453277588,135506.0
284.8383333683014,135549.0
284.94903922080994,135524.0
285.05608916282654,135498.0
285.1666193008423,135533.0
285.2768452167511,135558.0
285.3876793384552,135564.0
285.49823117256165,135530.0
285.6088283061981,135571.0
285.719181060791,135557.0
285.8298921585083,135529.0
285.9402973651886,135566.0
286.05107831954956,135584.0
286.161648273468,135578.0
286.27201628685,135560.0
286.38268518447876,135515.0
286.4931671619415,135516.0
286.60378336906433,135561.0
286.71428418159485,135553.0
286.8249001502991,135517.0
286.9354531764984,135588.0
287.0423390865326,135541.0
287.1527361869812,135520.0
287.2636013031006,135550.0
287.3740973472595,135602.0
287.4846992492676,135624.0
287.5949032306671,135540.0
287.7057502269745,135591.0
287.8162753582001,135553.0
287.92688941955566,135569.0
288.03738808631897,135573.0
288.1478111743927,135575.0
288.2584481239319,135541.0
288.36898612976074,135539.0
288.47967004776,135584.0
288.5901219844818,135581.0
288.7007701396942,135544.0
288.8112242221832,135509.0
288.92164301872253,135513.0
289.02858233451843,135552.0
289.1394953727722,135572.0
289.24995613098145,135549.0
289.3605103492737,135553.0
289.4709644317627,135546.0
289.58164620399475,135538.0
289.692095041275,135549.0
289.80264019966125,135579.0
289.91299319267273,135622.0
290.0238621234894,135588.0
290.1343982219696,135496.0
290.24497723579407,135585.0
290.3555152416229,135595.0
290.465989112854,135568.0
290.57662534713745,135576.0
290.687096118927,135567.0
290.7977421283722,135546.0
290.9081914424896,135532.0
291.01503324508667,135534.0
291.1258633136749,135569.0
291.23642802238464,135513.0
291.3469703197479,135511.0
291.45749616622925,135565.0
291.56803035736084,135568.0
291.6786570549011,135542.0
291.788996219635,135524.0
291.89976024627686,135564.0
292.01021432876587,135542.0
292.1207082271576,135554.0
292.2313451766968,135549.0
292.3418312072754,135517.0
292.4524390697479,135567.0
292.563086271286,135574.0
292.6735851764679,135481.0
292.78416419029236,135501.0
292.89460921287537,135556.0
293.0014042854309,135547.0
293.1122713088989,135535.0
293.2227110862732,135523.0
293.3333971500397,135575.0
293.4438531398773,135557.0
293.55440616607666,135549.0
293.6653072834015,135534.0
293.7755901813507,135510.0
293.88616013526917,135547.0
293.9966232776642,135563.0
294.10699915885925,135527.0
294.21778321266174,135533.0
294.3284044265747,135549.0
294.4389340877533,135545.0
294.54939222335815,135556.0
294.66009497642517,135548.0
294.7704691886902,135564.0
294.8811571598053,135553.0
294.98820519447327,135549.0
295.09857726097107,135543.0
295.2094850540161,135547.0
295.3197612762451,135558.0
295.4302451610565,135543.0
295.5408992767334,135542.0
295.6514880657196,135561.0
295.7620131969452,135540.0
295.8724400997162,135523.0
295.98314023017883,135534.0
296.09348607063293,135516.0
296.2042570114136,135553.0
296.3146502971649,135555.0
296.425350189209,135588.0
296.53593921661377,135562.0
296.6464502811432,135510.0
296.7569410800934,135504.0
296.86761236190796,135602.0
296.97808718681335,135578.0
297.08514308929443,135585.0
297.1955761909485,135582.0
297.30621218681335,135578.0
297.4166440963745,135556.0
297.5271921157837,135545.0
297.63793206214905,135488.0
297.74827218055725,135495.0
297.8589780330658,135538.0
297.9694302082062,135520.0
298.0801453590393,135520.0
298.1906912326813,135528.0
298.30125737190247,135523.0
298.41168999671936,135504.0
298.52233815193176,135488.0
298.63295912742615,135564.0
298.7432622909546,135551.0
298.85401129722595,135551.0
298.96439909935,135545.0
299.07138204574585,135540.0
299.1821002960205,135537.0
299.2925922870636,135509.0
299.40318632125854,135564.0
299.51415824890137,135563.0
299.62415528297424,135549.0
299.73478412628174,135565.0
299.8453643321991,135567.0
299.95587515830994,135547.0
300.0664072036743,135516.0
300.177166223526,135506.0
300.2875461578369,135516.0
300.3979651927948,135516.0
300.50856709480286,135530.0
300.6193222999573,135559.0
300.7298402786255,135547.0
300.84040427207947,135592.0
300.9508810043335,135619.0
301.0578920841217,135573.0
301.16869926452637,135544.0
301.27899622917175,135541.0
301.3896691799164,135565.0
301.50037813186646,135532.0
301.6104271411896,135529.0
301.7213382720947,135523.0
301.83170104026794,135560.0
301.9423122406006,135562.0
302.0529611110687,135561.0
302.16358613967896,135507.0
302.27402329444885,135489.0
302.3844611644745,135514.0
302.4951202869415,135497.0
302.6056442260742,135493.0
302.7162821292877,135510.0
302.8267571926117,135504.0
302.9372601509094,135512.0
303.04427123069763,135536.0
303.15496611595154,135545.0
303.26538705825806,135555.0
303.3759243488312,135547.0
303.486611366272,135479.0
303.59712624549866,135497.0
303.70757126808167,135505.0
303.81828713417053,135525.0
303.9285283088684,135539.0
304.0394241809845,135571.0
304.1499021053314,135494.0
304.2603750228882,135448.0
304.37100529670715,135479.0
304.4815182685852,135532.0
304.59190225601196,135547.0
304.702760219574,135522.0
304.813303232193,135518.0
304.92375135421753,135504.0
305.03068113327026,135535.0
305.14127922058105,135570.0
305.25195717811584,135495.0
305.36248230934143,135497.0
305.4730911254883,135593.0
305.58345127105713,135537.0
305.69401717185974,135506.0
305.8045771121979,135549.0
305.91532921791077,135560.0
306.0257601737976,135531.0
306.1363892555237,135543.0
306.24649810791016,135547.0
306.35709524154663,135522.0
306.4680392742157,135571.0
306.5784182548523,135546.0
306.6890733242035,135555.0
306.79967308044434,135509.0
306.9101560115814,135519.0
307.0173041820526,135524.0
307.12745237350464,135523.0
307.23839116096497,135544.0
307.34881830215454,135581.0
307.4593594074249,135510.0
307.5700590610504,135512.0
307.6806092262268,135573.0
307.79104018211365,135555.0
307.90164136886597,135508.0
308.01215624809265,135511.0
308.12274718284607,135586.0
308.23337721824646,135547.0
308.3436532020569,135515.0
308.45434522628784,135500.0
308.564640045166,135520.0
308.67559123039246,135530.0
308.7861523628235,135504.0
308.89653611183167,135531.0
309.0033893585205,135534.0
309.1137411594391,135524.0
309.22482109069824,135523.0
309.3355062007904,135557.0
309.4458701610565,135589.0
309.55596709251404,135563.0
309.66656732559204,135534.0
309.77709221839905,135538.0
309.88794803619385,135542.0
309.99869418144226,135539.0
310.1091294288635,135538.0
310.2195382118225,135539.0
310.3303470611572,135552.0
310.44096207618713,135548.0
310.5513482093811,135515.0
310.66209411621094,135536.0
310.7725853919983,135541.0
310.88317799568176,135523.0
310.99017119407654,135528.0
311.10075640678406,135533.0
311.2112591266632,135547.0
311.32120513916016,135569.0
311.4323661327362,135598.0
311.5427713394165,135573.0
311.65354919433594,135535.0
311.76373314857483,135536.0
311.8745872974396,135550.0
311.9849932193756,135531.0
312.0953893661499,135516.0
312.20621633529663,135503.0
312.31679821014404,135517.0
312.4273352622986,135517.0
312.5377070903778,135510.0
312.64838314056396,135529.0
312.7589821815491,135528.0
312.8696303367615,135598.0
312.9766080379486,135641.0
313.0870180130005,135626.0
313.19767236709595,135609.0
313.3081102371216,135583.0
313.4187650680542,135572.0
313.52939009666443,135543.0
313.64005422592163,135558.0
313.7504954338074,135576.0
313.86090326309204,135563.0
313.97169303894043,135554.0
314.08210039138794,135586.0
314.1925072669983,135585.0
314.3028380870819,135546.0
314.41359210014343,135574.0
314.52436208724976,135583.0
314.6348922252655,135571.0
314.7453782558441,135574.0
314.8558361530304,135560.0
314.9631459712982,135561.0
315.0733642578125,135581.0
315.1841080188751,135567.0
315.2945110797882,135549.0
315.4051949977875,135588.0
315.51560711860657,135601.0
315.6263072490692,135554.0
315.7368412017822,135568.0
315.84736013412476,135599.0
315.9579792022705,135568.0
316.0683841705322,135561.0
316.17909812927246,135588.0
316.28949308395386,135630.0
316.40008425712585,135656.0
316.5106842517853,135628.0
316.62102341651917,135553.0
316.7318592071533,135538.0
316.8422291278839,135596.0
316.9529821872711,135610.0
317.0599112510681,135600.0
317.1702561378479,135583.0
317.2811532020569,135610.0
317.39163422584534,135604.0
317.5021870136261,135575.0
317.61271238327026,135581.0
317.72329115867615,135595.0
317.83394408226013,135584.0
317.9442422389984,135570.0
318.0549261569977,135563.0
318.1654562950134,135583.0
318.27601408958435,135576.0
318.3866081237793,135572.0
318.49712324142456,135609.0
318.60779428482056,135546.0
318.7181661128998,135537.0
318.82885813713074,135556.0
318.9393401145935,135621.0
319.04642033576965,135636.0
319.15678429603577,135620.0
319.2676672935486,135594.0
319.3778762817383,135621.0
319.48861622810364,135630.0
319.5991461277008,135631.0
319.7098879814148,135601.0
319.8203363418579,135576.0
319.93074202537537,135602.0
320.0412940979004,135617.0
320.15176224708557,135632.0
320.26259112358093,135640.0
320.37271332740784,135638.0
320.48322200775146,135642.0
320.5938632488251,135606.0
320.7045271396637,135627.0
320.8154423236847,135590.0
320.92566418647766,135608.0
321.0328493118286,135649.0
321.1436290740967,135613.0
321.25386905670166,135575.0
321.3644962310791,135595.0
321.47500801086426,135632.0
321.5856611728668,135627.0
321.69582319259644,135526.0
321.8065981864929,135525.0
321.91717624664307,135595.0
322.02761816978455,135588.0
322.1382200717926,135593.0
322.2487952709198,135569.0
322.35912919044495,135619.0
322.4700312614441,135610.0
322.58062839508057,135602.0
322.6909272670746,135565.0
322.80162930488586,135538.0
322.91220927238464,135535.0
323.0190951824188,135552.0
323.1298232078552,135588.0
323.2400772571564,135589.0
323.39229106903076,135574.0
323.5954351425171,135583.0
323.67907214164734,135573.0
323.761027097702,135589.0
323.8384792804718,135599.0
323.9171452522278,135574.0
324.0154333114624,135577.0
324.12581610679626,135575.0
324.2366592884064,135573.0
324.3721582889557,135556.0
324.4583201408386,135582.0
324.5690031051636,135591.0
324.6796932220459,135623.0
324.79045128822327,135622.0
324.90112018585205,135592.0
325.00828528404236,135556.0
325.1190252304077,135499.0
325.2293031215668,135530.0
325.34028911590576,135553.0
325.45109510421753,135588.0
325.56174421310425,135609.0
325.6721611022949,135593.0
325.7830903530121,135570.0
325.8937420845032,135570.0
326.00463008880615,135567.0
326.1151874065399,135556.0
326.225741147995,135555.0
326.336549282074,135568.0
326.44719529151917,135603.0
326.55795311927795,135599.0
326.66853308677673,135585.0
326.77926421165466,135524.0
326.8898780345917,135551.0
326.9971652030945,135523.0
327.1075391769409,135527.0
327.2184991836548,135550.0
327.32932209968567,135604.0
327.4398422241211,135609.0
327.5503742694855,135576.0
327.66118931770325,135551.0
327.77175521850586,135606.0
327.8824071884155,135554.0
327.9931261539459,135538.0
328.1035671234131,135617.0
328.2145721912384,135589.0
328.32561111450195,135610.0
328.435672044754,135612.0
328.5462284088135,135634.0
328.65742111206055,135576.0
328.7679581642151,135552.0
328.8784530162811,135584.0
328.9857921600342,135604.0
329.09622025489807,135573.0
329.20670104026794,135593.0
329.3177402019501,135615.0
329.42829728126526,135606.0
329.5390112400055,135621.0
329.64950728416443,135583.0
329.76039028167725,135615.0
329.87091040611267,135630.0
329.98147916793823,135619.0
330.0922260284424,135575.0
330.2030363082886,135575.0
330.3136372566223,135613.0
330.4242181777954,135603.0
330.534960269928,135600.0
330.64552426338196,135622.0
330.7561671733856,135613.0
330.8669283390045,135637.0
330.97405529022217,135669.0
331.08451414108276,135649.0
331.1954491138458,135613.0
331.3057372570038,135618.0
331.4165360927582,135579.0
331.52717900276184,135575.0
331.6377582550049,135596.0
331.7483961582184,135565.0
331.8593153953552,135602.0
331.96993613243103,135613.0
332.0804500579834,135603.0
332.1912362575531,135623.0
332.3018093109131,135572.0
332.4124391078949,135579.0
332.5230162143707,135589.0
332.6337263584137,135604.0
332.7442932128906,135641.0
332.8548741340637,135608.0
332.9618902206421,135589.0
333.07277727127075,135621.0
333.1833531856537,135592.0
333.2938871383667,135662.0
333.4046940803528,135667.0
333.51530027389526,135624.0
333.626097202301,135609.0
333.7364411354065,135662.0
333.84721517562866,135626.0
333.9577372074127,135565.0
334.0682182312012,135613.0
334.1789753437042,135636.0
334.28968620300293,135611.0
334.40024614334106,135592.0
334.51105427742004,135637.0
334.6216650009155,135640.0
334.732271194458,135655.0
334.84288716316223,135649.0
334.95006823539734,135647.0
335.0606813430786,135626.0
335.17140316963196,135611.0
335.2816631793976,135611.0
335.3925371170044,135625.0
335.50297713279724,135618.0
335.6137342453003,135628.0
335.7242832183838,135625.0
335.83493518829346,135615.0
335.9456000328064,135634.0
336.05626225471497,135619.0
336.16695404052734,135607.0
336.2773561477661,135635.0
336.3880000114441,135637.0
336.498553276062,135625.0
336.60916209220886,135636.0
336.7200183868408,135661.0
336.8306040763855,135630.0
336.93774008750916,135551.0
337.0482313632965,135593.0
337.159086227417,135643.0
337.2695710659027,135646.0
337.38019824028015,135663.0
337.4909632205963,135670.0
337.60125517845154,135678.0
337.71220302581787,135659.0
337.82267117500305,135654.0
337.93319821357727,135648.0
338.04391407966614,135619.0
338.1545262336731,135624.0
338.2650282382965,135639.0
338.3756411075592,135669.0
338.4862802028656,135615.0
338.5970013141632,135660.0
338.7074980735779,135684.0
338.8181211948395,135687.0
338.9252362251282,135671.0
339.03596901893616,135658.0
339.1461832523346,135639.0
339.2570972442627,135632.0
339.3676390647888,135633.0
339.4783022403717,135640.0
339.5888292789459,135657.0
339.6996521949768,135641.0
339.81003522872925,135663.0
339.9207663536072,135678.0
340.0313673019409,135682.0
340.142174243927,135648.0
340.2526252269745,135653.0
340.36308121681213,135654.0
340.4738492965698,135679.0
340.5843241214752,135665.0
340.695139169693,135661.0
340.8055901527405,135648.0
340.9123442173004,135695.0
341.02345538139343,135674.0
341.1338880062103,135617.0
341.2444911003113,135622.0
341.3550760746002,135670.0
341.4656901359558,135668.0
341.5761601924896,135643.0
341.68688225746155,135641.0
341.7969992160797,135641.0
341.90760135650635,135681.0
342.0182273387909,135646.0
342.12886238098145,135618.0
342.2395441532135,135630.0
342.3500783443451,135589.0
342.46072340011597,135629.0
342.5716643333435,135662.0
342.6821472644806,135662.0
342.79294514656067,135653.0
342.9000473022461,135681.0
343.0105700492859,135671.0
343.12111616134644,135634.0
343.23190236091614,135686.0
343.342431306839,135665.0
343.45317125320435,135641.0
343.56353306770325,135637.0
343.6743321418762,135641.0
343.7846941947937,135683.0
343.89530324935913,135654.0
344.0059640407562,135659.0
344.1164722442627,135721.0
344.2271101474762,135704.0
344.3376302719116,135670.0
344.44842314720154,135702.0
344.55886006355286,135599.0
344.66957902908325,135619.0
344.7801113128662,135639.0
344.88725233078003,135643.0
344.99796414375305,135607.0
345.1084442138672,135641.0
345.2191243171692,135604.0
345.3298223018646,135637.0
345.44033312797546,135640.0
345.55087208747864,135640.0
345.6611421108246,135622.0
345.7719690799713,135591.0
345.882440328598,135611.0
345.9930543899536,135627.0
346.10373616218567,135694.0
346.2142143249512,135685.0
346.32492113113403,135671.0
346.43544912338257,135651.0
346.5460991859436,135608.0
346.65669298171997,135605.0
346.76727509498596,135632.0
346.8743312358856,135623.0
346.98490023612976,135645.0
347.095397233963,135623.0
347.20595026016235,135593.0
347.31647515296936,135596.0
347.4272451400757,135654.0
347.5376341342926,135637.0
347.6484580039978,135610.0
347.7589020729065,135624.0
347.86949133872986,135657.0
347.9802451133728,135654.0
348.0907220840454,135642.0
348.20138716697693,135640.0
348.3118693828583,135614.0
348.422580242157,135612.0
348.5332112312317,135586.0
348.64360332489014,135616.0
348.7543442249298,135634.0
348.8610680103302,135631.0
348.97196531295776,135610.0
349.0826532840729,135624.0
349.19293332099915,135642.0
349.30369210243225,135629.0
349.4140820503235,135668.0
349.5247790813446,135681.0
349.63509607315063,135673.0
349.7459421157837,135619.0
349.8566391468048,135629.0
349.96698212623596,135652.0
350.07775115966797,135683.0
350.1882572174072,135639.0
350.2989020347595,135626.0
350.40952706336975,135645.0
350.51994705200195,135651.0
350.6306822299957,135649.0
350.7410480976105,135639.0
350.84833002090454,135645.0
350.958948135376,135658.0
351.0694181919098,135653.0
351.1797921657562,135660.0
351.29069209098816,135674.0
351.40123534202576,135686.0
351.51193499565125,135652.0
351.62236523628235,135640.0
351.7329742908478,135590.0
351.8434660434723,135598.0
351.954185962677,135604.0
352.064768075943,135622.0
352.17516326904297,135642.0
352.2858762741089,135643.0
352.396368265152,135656.0
352.5070321559906,135612.0
352.6176452636719,135576.0
352.72807335853577,135617.0
352.8353822231293,135654.0
352.94581604003906,135610.0
353.05626821517944,135612.0
353.16694712638855,135562.0
353.2773551940918,135579.0
353.3880293369293,135598.0
353.4986832141876,135622.0
353.6089572906494,135609.0
353.7197151184082,135643.0
353.8305490016937,135606.0
353.94111824035645,135600.0
354.0515682697296,135624.0
354.1620783805847,135607.0
354.2726311683655,135606.0
354.3833501338959,135596.0
354.49377632141113,135583.0
354.6044533252716,135578.0
354.7148861885071,135600.0
354.82186698913574,135620.0
354.9327862262726,135589.0
355.0433232784271,135665.0
355.1536042690277,135658.0
355.2643461227417,135641.0
355.37474727630615,135629.0
355.48560309410095,135643.0
355.5959722995758,135641.0
355.70653796195984,135581.0
355.81725430488586,135566.0
355.9276542663574,135581.0
356.0384440422058,135612.0
356.1488220691681,135608.0
356.25952410697937,135580.0
356.3699812889099,135616.0
356.48092818260193,135571.0
356.5913052558899,135528.0
356.7016861438751,135567.0
356.8123822212219,135616.0
356.9192740917206,135587.0
357.0298752784729,135607.0
357.1403851509094,135612.0
357.25123929977417,135616.0
357.36172914505005,135605.0
357.4721043109894,135596.0
357.5829722881317,135594.0
357.69323229789734,135641.0
357.80400919914246,135583.0
357.914644241333,135555.0
358.0251603126526,135564.0
358.1357522010803,135568.0
358.2460789680481,-1040103.0
358.4349081516266,135601.0
358.5454001426697,135578.0
358.65603828430176,135556.0
358.76655316352844,135559.0
358.87711906433105,135574.0
358.987722158432,135569.0
359.098256111145,135574.0
359.20868039131165,135592.0
359.31937408447266,135570.0
359.42639923095703,135554.0
359.5370292663574,135591.0
359.6475281715393,135614.0
359.7581350803375,135563.0
359.86864829063416,135549.0
359.9792881011963,135557.0
360.0897831916809,135577.0
360.2002890110016,135546.0
360.31097435951233,135576.0
360.42142629623413,135557.0
360.5321180820465,135562.0
360.64270424842834,135563.0
360.7532432079315,135604.0
360.8638803958893,135584.0
360.97436904907227,135569.0
361.0850350856781,135577.0
361.1955373287201,135578.0
361.30607628822327,135601.0
361.4131371974945,135588.0
361.5236690044403,135562.0
361.63401222229004,135569.0
361.74481320381165,135600.0
361.85538935661316,135616.0
361.96593618392944,135623.0
362.07651138305664,135612.0
362.18743419647217,135563.0
362.2976403236389,135563.0
362.4082360267639,135610.0
362.51865911483765,135591.0
362.62937808036804,135530.0
362.7400951385498,135552.0
362.85052728652954,135549.0
362.961049079895,135548.0
363.0716161727905,135565.0
363.1821632385254,135543.0
363.29241704940796,135558.0
363.3998191356659,135549.0
363.51018619537354,135546.0
363.62094020843506,135538.0
363.73148918151855,135573.0
363.84218525886536,135596.0
363.9526741504669,135616.0
364.06316328048706,135586.0
364.1737241744995,135557.0
364.2843210697174,135545.0
364.3949990272522,135540.0
364.5054442882538,135542.0
364.61566638946533,135528.0
364.7265992164612,135535.0
364.8371992111206,135563.0
364.9477071762085,135592.0
365.0582432746887,135524.0
365.1686542034149,135519.0
365.2794020175934,135530.0
365.3864550590515,135535.0
365.49699306488037,135567.0
365.6075792312622,135556.0
365.7179262638092,135593.0
365.8286683559418,135607.0
365.9392611980438,135596.0
366.0494432449341,135576.0
366.16032123565674,135609.0
366.27081322669983,135606.0
366.3814821243286,135550.0
366.4920732975006,135536.0
366.6026301383972,135527.0
366.71322321891785,135554.0
366.82383012771606,135567.0
366.9343502521515,135538.0
367.04487228393555,135553.0
367.1554880142212,135603.0
367.2660663127899,135641.0
367.3728461265564,135593.0
367.4837923049927,135615.0
367.59408020973206,135602.0
367.7047281265259,135550.0
367.81527829170227,135537.0
367.92590737342834,135544.0
368.03642225265503,135546.0
368.1469931602478,135565.0
368.2575333118439,135619.0
368.3681421279907,135586.0
368.47869634628296,135597.0
368.58925008773804,135595.0
368.699627161026,135610.0
368.81029415130615,135580.0
368.92093110084534,135555.0
369.0315372943878,135591.0
369.1420474052429,135590.0
369.25261330604553,135564.0
369.3596742153168,135545.0
369.47014927864075,135579.0
369.58074617385864,135570.0
369.69132018089294,135560.0
369.80190110206604,135538.0
369.91248416900635,135555.0
370.0229642391205,135557.0
370.1335611343384,135575.0
370.2441701889038,135596.0
370.3547010421753,135561.0
370.4652621746063,135561.0
370.5758411884308,135580.0
370.68627524375916,135610.0
370.7969491481781,135587.0
370.90751910209656,135578.0
371.0180401802063,135558.0
371.12865924835205,135596.0
371.2391872406006,135617.0
371.34621119499207,135588.0
371.45677638053894,135547.0
371.56735014915466,135563.0
371.6778869628906,135505.0
371.78849625587463,135554.0
371.8990321159363,135576.0
372.0095613002777,135566.0
372.1198482513428,135588.0
372.23072934150696,135590.0
372.3412380218506,135569.0
372.4518132209778,135571.0
372.5623941421509,135594.0
372.6728413105011,135595.0
372.7835502624512,135579.0
372.89406418800354,135560.0
373.00459814071655,135598.0
373.1148784160614,135622.0
373.2257511615753,135566.0
373.3327901363373,135561.0
373.4433650970459,135581.0
373.5538601875305,135596.0
373.6642792224884,135580.0
373.7750153541565,135605.0
373.88572216033936,135656.0
373.99613332748413,135616.0
374.10671520233154,135566.0
374.2171621322632,135573.0
374.32782006263733,135549.0
374.43842101097107,135542.0
374.54895520210266,135576.0
374.6594660282135,135592.0
374.7699692249298,135572.0
374.8806850910187,135594.0
374.99120020866394,135572.0
375.1017253398895,135576.0
375.21231842041016,135576.0
375.3193802833557,135557.0
375.4299063682556,135557.0
375.540509223938,135536.0
375.6509439945221,135546.0
375.76153016090393,135586.0
375.8721363544464,135623.0
375.98266530036926,135585.0
376.0933051109314,135604.0
376.2038531303406,135605.0
376.3141932487488,135596.0
376.4248960018158,135582.0
376.5355062484741,135582.0
376.64601707458496,135601.0
376.7566771507263,135621.0
376.8671762943268,135616.0
376.97767329216003,135617.0
377.0882751941681,135637.0
377.19863724708557,135623.0
377.30588722229004,135541.0
377.41639518737793,135534.0
377.5269811153412,135562.0
377.63752818107605,135584.0
377.7480492591858,135573.0
377.858647108078,135568.0
377.96920013427734,135593.0
378.07978439331055,135617.0
378.19027519226074,135627.0
378.30097937583923,135582.0
378.411315202713,135580.0
378.5219841003418,135573.0
378.63221621513367,135576.0
378.7429780960083,135586.0
378.8536550998688,135593.0
378.964280128479,135542.0
379.0747911930084,135566.0
379.18536925315857,135567.0
379.2959244251251,135543.0
379.40295338630676,135561.0
379.51347827911377,135568.0
379.62409925460815,135520.0
379.7346422672272,135537.0
379.84520721435547,135557.0
379.95557618141174,135581.0
380.066299200058,135556.0
380.17682933807373,135566.0
380.2873921394348,135576.0
380.3979561328888,135547.0
380.5085382461548,135572.0
380.61882519721985,135522.0
380.72948122024536,135524.0
380.84019923210144,135528.0
380.9507751464844,135558.0
381.0613009929657,135576.0
381.171914100647,135582.0
381.2824182510376,135572.0
381.3892023563385,135560.0
381.49997901916504,135552.0
381.61030316352844,135508.0
381.7207360267639,135533.0
381.8311972618103,135526.0
381.9420952796936,135510.0
382.05223321914673,135588.0
382.16288208961487,135603.0
382.2734432220459,135618.0
382.38440704345703,135562.0
382.49505734443665,135554.0
382.6055443286896,135574.0
382.716135263443,135548.0
382.82671999931335,135559.0
382.9372892379761,135627.0
383.04778027534485,135600.0
383.15841817855835,135567.0
383.26895022392273,135557.0
383.37593722343445,135547.0
383.4864761829376,135559.0
383.5971031188965,135559.0
383.7074251174927,135557.0
383.8181812763214,135576.0
383.9287111759186,135584.0
384.0393133163452,135544.0
384.14981412887573,135537.0
384.2603762149811,135577.0
384.37083625793457,135572.0
384.4814991950989,135599.0
384.592159986496,135616.0
384.7026262283325,135549.0
384.8132221698761,135589.0
384.9237582683563,135559.0
385.03425002098083,135566.0
385.1447513103485,135555.0
385.2554020881653,135543.0
385.36242508888245,135525.0
385.47312116622925,135539.0
385.583535194397,135551.0
385.6940221786499,135551.0
385.8047032356262,135612.0
385.9152352809906,135589.0
386.0258321762085,135538.0
386.13632225990295,135510.0
386.2469050884247,135573.0
386.3575041294098,135526.0
386.467892408371,135538.0
386.5785641670227,135554.0
386.68909430503845,135567.0
386.79967999458313,135574.0
386.91016912460327,135547.0
387.02084612846375,135531.0
387.1313374042511,135536.0
387.2418723106384,135576.0
387.34897112846375,135577.0
387.4595263004303,135563.0
387.5700001716614,135538.0
387.68040704727173,135523.0
387.7911591529846,135532.0
387.9017162322998,135523.0
388.0121171474457,135540.0
388.1226553916931,135553.0
388.2333812713623,135554.0
388.34391713142395,135559.0
388.45447611808777,135547.0
388.5650272369385,135537.0
388.67560029029846,135517.0
388.7861371040344,135497.0
388.8967502117157,135517.0
389.007276058197,135540.0
389.1177752017975,135565.0
389.2283582687378,135521.0
389.3354272842407,135524.0
389.44594836235046,135562.0
389.5565812587738,135538.0
389.66705322265625,135565.0
389.7776210308075,135562.0
389.8881871700287,135546.0
389.9987540245056,135522.0
390.10928320884705,135497.0
390.2198181152344,135559.0
390.33048129081726,135524.0
390.44093108177185,135527.0
390.551527261734,135527.0
390.6620993614197,135517.0
390.7726173400879,135554.0
390.88320422172546,135555.0
390.99376010894775,135551.0
391.10433626174927,135494.0
391.2148470878601,135521.0
391.3218460083008,135543.0
391.43243527412415,135529.0
391.5429723262787,135600.0
391.6535482406616,135514.0
391.76406240463257,135523.0
391.8746449947357,135536.0
391.98527908325195,135518.0
392.09578013420105,135538.0
392.2063343524933,135538.0
392.3168692588806,135566.0
392.4274802207947,135586.0
392.5379972457886,135557.0
392.6485071182251,135574.0
392.7591140270233,135571.0
392.8695652484894,135556.0
392.98024129867554,135534.0
393.0907850265503,135540.0
393.201375246048,135529.0
393.3081841468811,135568.0
393.4189031124115,135555.0
393.5294191837311,135529.0
393.64003920555115,135559.0
393.7504954338074,135613.0
393.86122822761536,135588.0
393.9716811180115,135512.0
394.08225202560425,135505.0
394.1927721500397,135531.0
394.30325627326965,135525.0
394.4139132499695,135561.0
394.52445220947266,135549.0
394.63501620292664,135527.0
394.74559903144836,135537.0
394.85613799095154,135518.0
394.96667432785034,135513.0
395.07726430892944,135554.0
395.1876301765442,135534.0
395.29483699798584,135500.0
395.40537333488464,135512.0
395.5159161090851,135570.0
395.626353263855,135559.0
395.73702812194824,135574.0
395.84757924079895,135582.0
395.9581501483917,135574.0
396.0686972141266,135570.0
396.1792721748352,135529.0
396.28981018066406,135568.0
396.4003381729126,135589.0
396.510870218277,135555.0
396.62123703956604,135553.0
396.7320351600647,135524.0
396.8426251411438,135520.0
396.9531352519989,135550.0
397.0636920928955,135600.0
397.17425322532654,135600.0
397.2813193798065,135569.0
397.39189314842224,135598.0
397.5024793148041,135566.0
397.61292004585266,135526.0
397.7233233451843,135543.0
397.8340470790863,135564.0
397.944637298584,135563.0
398.0551371574402,135569.0
398.1656701564789,135573.0
398.2762653827667,135587.0
398.3868522644043,135603.0
398.49736618995667,135571.0
398.6079270839691,135577.0
398.7182903289795,135607.0
398.8290731906891,135590.0
398.939640045166,135575.0
399.05016231536865,135603.0
399.1607322692871,135635.0
399.2675893306732,135602.0
399.3783140182495,135597.0
399.48884320259094,135595.0
399.5994222164154,135560.0
399.7099711894989,135594.0
399.82049918174744,135564.0
399.9310522079468,135587.0
400.0416331291199,135577.0
400.1521782875061,135639.0
400.26273107528687,135603.0
400.3733260631561,135601.0
400.48373913764954,135626.0
400.5943102836609,135601.0
400.7050082683563,135645.0
400.81550216674805,135588.0
400.92609214782715,135598.0
401.0367133617401,135567.0
401.14735531806946,135562.0
401.2542071342468,135594.0
401.3648042678833,135583.0
401.4752953052521,135594.0
401.58588123321533,135621.0
401.6964123249054,135612.0
401.8068082332611,135621.0
401.91761326789856,135615.0
402.0281500816345,135602.0
402.1386332511902,135612.0
402.24919724464417,135606.0
402.3597671985626,135638.0
402.47017526626587,135581.0
402.58069038391113,135548.0
402.6914281845093,135534.0
402.8019771575928,135580.0
402.9125292301178,135569.0
403.0230641365051,135591.0
403.1335642337799,135624.0
403.2406814098358,135629.0
403.3512420654297,135617.0
403.46177315711975,135636.0
403.5722231864929,135623.0
403.6827492713928,135562.0
403.7934322357178,135601.0
403.90401220321655,135611.0
404.014582157135,135589.0
404.1250681877136,135586.0
404.23568415641785,135578.0
404.34609723091125,135591.0
404.45679211616516,135605.0
404.56734824180603,135608.0
404.67787313461304,135643.0
404.78828716278076,135598.0
404.89889001846313,135582.0
405.0095570087433,135574.0
405.1200861930847,135622.0
405.22699642181396,135608.0
405.3377013206482,135625.0
405.44801926612854,135655.0
405.5587751865387,135574.0
405.6693341732025,135578.0
405.7798762321472,135601.0
405.8903982639313,135586.0
406.0010151863098,135597.0
406.11155819892883,135620.0
406.2220242023468,135593.0
406.3326871395111,135560.0
406.4432361125946,135566.0
406.55366611480713,135614.0
406.6641821861267,135629.0
406.7749171257019,135626.0
406.88541626930237,135603.0
406.99602031707764,135627.0
407.1063811779022,135593.0
407.2133550643921,135622.0
407.32412910461426,135634.0
407.4347012042999,135617.0
407.5447201728821,135580.0
407.65579533576965,135665.0
407.76622915267944,135609.0
407.8768723011017,135608.0
407.9874892234802,135613.0
408.0980131626129,135605.0
408.2085952758789,135637.0
408.319030046463,135634.0
408.42969512939453,135653.0
408.540235042572,135629.0
408.6506962776184,135599.0
408.761332988739,135613.0
408.87193512916565,135583.0
408.9824130535126,135578.0
409.0930423736572,135584.0
409.1998383998871,135580.0
409.3104031085968,135586.0
409.4211723804474,135589.0
409.5316700935364,135570.0
409.6421322822571,135584.0
409.75287342071533,135563.0
409.8633060455322,135584.0
409.9735653400421,135627.0
410.084477186203,135596.0
410.1949853897095,135608.0
410.30563521385193,135627.0
410.41613006591797,135674.0
410.52665424346924,135614.0
410.63720440864563,135590.0
410.7478301525116,135614.0
410.85836005210876,135613.0
410.9688949584961,135593.0
411.0794622898102,135599.0
411.18638825416565,135585.0
411.29701924324036,135567.0
411.4074423313141,135572.0
411.5180983543396,135576.0
411.6286962032318,135559.0
411.73925137519836,135557.0
411.8497610092163,135604.0
411.960333108902,135645.0
412.0708820819855,135603.0
412.181410074234,135617.0
412.29194617271423,135633.0
412.40254831314087,135635.0
412.51311111450195,135594.0
412.62370324134827,135585.0
412.7339951992035,135596.0
412.8447861671448,135627.0
412.9553482532501,135614.0
413.06586813926697,135634.0
413.1729452610016,135649.0
413.2834692001343,135626.0
413.3940200805664,135586.0
413.50447940826416,135633.0
413.6149981021881,135610.0
413.7256634235382,135605.0
413.83630418777466,135619.0
413.94678711891174,135651.0
414.05736327171326,135634.0
414.16792130470276,135647.0
414.2782962322235,135631.0
414.3891041278839,135650.0
414.49956822395325,135642.0
414.6101551055908,135643.0
414.7206771373749,135608.0
414.8312110900879,135607.0
414.94176411628723,135602.0
415.052344083786,135579.0
415.1592183113098,135628.0
415.269650220871,135582.0
415.380469083786,135649.0
415.4909870624542,135661.0
415.6015601158142,135640.0
415.7119081020355,135612.0
415.8226523399353,135653.0
415.9332182407379,135653.0
416.0438141822815,135603.0
416.15432238578796,135593.0
416.26491713523865,135663.0
416.37546706199646,135644.0
416.4858832359314,135625.0
416.59638500213623,135654.0
416.70718121528625,135656.0
416.8176603317261,135641.0
416.92820405960083,135606.0
417.03882598876953,135629.0
417.14550828933716,135663.0
417.25645637512207,135681.0
417.3669424057007,135709.0
417.47728633880615,135645.0
417.58797216415405,135601.0
417.6985721588135,135620.0
417.809100151062,135677.0
417.91968727111816,135654.0
418.0302531719208,135654.0
418.1407790184021,135659.0
418.25136733055115,135663.0
418.3618152141571,135667.0
418.4724643230438,135640.0
418.582994222641,135665.0
418.6933181285858,135622.0
418.80412006378174,135599.0
418.91470432281494,135623.0
419.0252242088318,135628.0
419.13227701187134,135609.0
419.2427701950073,135657.0
419.35334610939026,135637.0
419.4638819694519,135606.0
419.57467436790466,135606.0
419.6849100589752,135590.0
419.7956051826477,135596.0
419.9060971736908,135616.0
420.01665925979614,135648.0
420.12725830078125,135654.0
420.23785424232483,135679.0
420.3483421802521,135657.0
420.458859205246,135624.0
420.5694363117218,135649.0
420.68001413345337,135667.0
420.7905242443085,135675.0
420.90111327171326,135698.0
421.01165533065796,135664.0
421.1185541152954,135645.0
421.229248046875,135670.0
421.33994698524475,135693.0
421.45036005973816,135666.0
421.5608811378479,135672.0
421.6714973449707,135681.0
421.78201818466187,135670.0
421.8926291465759,135671.0
422.00313329696655,135714.0
422.11356019973755,135711.0
422.22428798675537,135647.0
422.3347911834717,135628.0
422.4453670978546,135645.0
422.55573320388794,135697.0
422.66646337509155,135701.0
422.77689909935,135684.0
422.88755202293396,135682.0
422.99814915657043,135643.0
423.10517406463623,135636.0
423.2157680988312,135635.0
423.3262152671814,135645.0
423.43663001060486,135651.0
423.5473392009735,135631.0
423.6577892303467,135656.0
423.76854133605957,135630.0
423.8790020942688,135683.0
423.98958826065063,135699.0
424.10019612312317,135695.0
424.2106261253357,135673.0
424.3211991786957,135665.0
424.4316861629486,135698.0
424.5423982143402,135667.0
424.6528842449188,135651.0
424.7634313106537,135641.0
424.87396931648254,135675.0
424.98449420928955,135708.0
425.09511709213257,135659.0
425.20193219184875,135676.0
425.312655210495,135682.0
425.4232530593872,135677.0
425.5337772369385,135653.0
425.6443271636963,135673.0
425.7543411254883,135669.0
425.8654420375824,135664.0
425.9758791923523,135702.0
426.0865499973297,135669.0
426.20031213760376,135702.0
426.30766320228577,135738.0
426.4182200431824,135661.0
426.5288100242615,135660.0
426.63919019699097,135718.0
426.74993324279785,135696.0
426.8604271411896,135663.0
426.9708743095398,135677.0
427.081472158432,135709.0
427.1885690689087,135624.0
427.29913425445557,135687.0
427.40972208976746,135672.0
427.52019214630127,135631.0
427.6307911872864,135675.0
427.74136114120483,135688.0
427.85184931755066,135681.0
427.962375164032,135685.0
428.0730633735657,135649.0
428.18355202674866,135679.0
428.29408407211304,135682.0
428.40473914146423,135644.0
428.51521921157837,135677.0
428.625785112381,135669.0
428.73631834983826,135639.0
428.8468861579895,135691.0
428.9574363231659,135672.0
429.067969083786,135681.0
429.1747922897339,135650.0
429.2855050563812,135646.0
429.39609718322754,135647.0
429.5067021846771,135639.0
429.61700320243835,135631.0
429.7277612686157,135670.0
429.8383102416992,135697.0
429.9487102031708,135659.0
430.05924916267395,135711.0
430.1697940826416,135700.0
430.28058218955994,135655.0
430.3911232948303,135631.0
430.5017001628876,135605.0
430.6123342514038,135631.0
430.72275829315186,135682.0
430.83334708213806,135713.0
430.9438672065735,135694.0
431.0542640686035,135684.0
431.1614451408386,135700.0
431.27200531959534,135689.0
431.3825490474701,135648.0
431.4929621219635,135657.0
431.60365629196167,135694.0
431.7142012119293,135716.0
431.824734210968,135687.0
431.9353301525116,135652.0
432.0458972454071,135622.0
432.1560413837433,135678.0
432.26695227622986,135707.0
432.3775203227997,135682.0
432.4881362915039,135652.0
432.59867215156555,135705.0
432.7092101573944,135744.0
432.81973814964294,135688.0
432.93030405044556,135634.0
433.0408651828766,135686.0
433.1480231285095,135652.0
433.2584021091461,135712.0
433.36898040771484,135747.0
433.4795432090759,135738.0
433.5900971889496,135743.0
433.7006561756134,135719.0
433.8111002445221,135724.0
433.92176938056946,135777.0
434.03235125541687,135751.0
434.1426031589508,135689.0
434.2534201145172,135698.0
434.3639533519745,135709.0
434.4745252132416,135631.0
434.5850853919983,135668.0
434.6955711841583,135693.0
434.8060562610626,135694.0
434.91675424575806,135700.0
435.0273253917694,135709.0
435.1344413757324,135698.0
435.2448630332947,135651.0
435.3554701805115,135689.0
435.46598505973816,135670.0
435.5765073299408,135650.0
435.68711018562317,135702.0
435.79761004447937,135689.0
435.9081401824951,135671.0
436.0187473297119,135687.0
436.1293261051178,135708.0
436.2397303581238,135734.0
436.3504493236542,135700.0
436.4608461856842,135658.0
436.5715301036835,135665.0
436.6821162700653,135692.0
436.7926001548767,135689.0
436.903067111969,135674.0
437.01355719566345,135652.0
437.1205132007599,135720.0
437.2313070297241,135693.0
437.3419451713562,135696.0
437.4524531364441,135698.0
437.5629870891571,135665.0
437.67341804504395,135682.0
437.784077167511,135706.0
437.8946442604065,135740.0
438.00522804260254,135735.0
438.11564803123474,135744.0
438.22632122039795,135720.0
438.33672618865967,135676.0
438.44729113578796,135667.0
438.5580003261566,135700.0
438.668660402298,135725.0
438.7791323661804,135715.0
438.8896372318268,135698.0
439.0001893043518,135690.0
439.1072471141815,135710.0
439.217570066452,135713.0
439.3283200263977,135710.0
439.43883323669434,135734.0
439.5494179725647,135698.0
439.65984416007996,135662.0
439.77033710479736,135727.0
439.8810062408447,135692.0
439.99165415763855,135653.0
440.1021912097931,135666.0
440.2125823497772,135669.0
440.3231911659241,135704.0
440.4338312149048,135716.0
440.5443902015686,135664.0
440.65495014190674,135697.0
440.765506029129,135645.0
440.87608909606934,135628.0
440.9866552352905,135664.0
441.0936951637268,135707.0
441.2041721343994,135711.0
441.31463503837585,135713.0
441.4251620769501,135697.0
441.5354161262512,135684.0
441.6464092731476,135671.0
441.7569751739502,135701.0
441.8674921989441,135666.0
441.9780752658844,135658.0
442.0886492729187,135658.0
442.1991641521454,135679.0
442.3097462654114,135701.0
442.42030906677246,135648.0
442.5308701992035,135638.0
442.6414031982422,135652.0
442.7519862651825,135717.0
442.86252331733704,135680.0
442.9730191230774,135645.0
443.079980134964,135662.0
443.1906113624573,135603.0
443.30117416381836,135669.0
443.41173243522644,135723.0
443.52228021621704,135699.0
443.6328251361847,135740.0
443.7433400154114,135715.0
443.8539593219757,135702.0
443.96450209617615,135714.0
444.07508420944214,135675.0
444.1856153011322,135664.0
444.2962031364441,135684.0
444.40675616264343,135670.0
444.51738810539246,135707.0
444.62784123420715,135686.0
444.73839116096497,135697.0
444.8488771915436,135721.0
444.9594852924347,135664.0
445.06651639938354,135716.0
445.17711114883423,135705.0
445.28761434555054,135723.0
445.3981671333313,135732.0
445.50867915153503,135717.0
445.6189022064209,135710.0
445.7298250198364,135659.0
445.84015822410583,135675.0
445.95092725753784,135698.0
446.0615611076355,135641.0
446.1720721721649,135645.0
446.28260612487793,135690.0
446.3932161331177,135739.0
446.50360012054443,135673.0
446.6141891479492,135642.0
446.7248272895813,135716.0
446.8353931903839,135746.0
446.94592118263245,135698.0
447.0528872013092,135682.0
447.1634712219238,135655.0
447.27402925491333,135654.0
447.3846251964569,135678.0
447.4950201511383,135640.0
447.6057381629944,135658.0
447.71630001068115,135662.0
447.82681131362915,135629.0
447.9374394416809,135627.0
448.04800939559937,135664.0
448.15854001045227,135700.0
448.2690443992615,135670.0
448.3795850276947,135664.0
448.49019622802734,135644.0
448.60068130493164,135648.0
448.71125411987305,135722.0
448.82186126708984,135725.0
448.9323801994324,135686.0
449.0394401550293,135684.0
449.1498019695282,135685.0
449.2605221271515,135702.0
449.37105202674866,135696.0
449.48160219192505,135666.0
449.5921530723572,135721.0
449.7025032043457,135689.0
449.81328105926514,135696.0
449.9238471984863,135676.0
450.03441524505615,135630.0
450.14499711990356,135606.0
450.25558400154114,135618.0
450.36609530448914,135700.0
450.4766173362732,135680.0
450.5871322154999,135694.0
450.69773626327515,135708.0
450.8081862926483,135690.0
450.9187242984772,135651.0
451.0258460044861,135635.0
451.1363482475281,135674.0
451.24691915512085,135662.0
451.35732197761536,135667.0
451.4678521156311,135630.0
451.5785710811615,135599.0
451.689013004303,135645.0
451.79957818984985,135680.0
451.91025829315186,135650.0
452.02084136009216,135654.0
452.13137006759644,135622.0
452.24194836616516,135621.0
452.35248732566833,135640.0
452.4630310535431,135607.0
452.5735671520233,135613.0
452.68412232398987,135632.0
452.7947072982788,135645.0
452.90521025657654,135657.0
453.01218032836914,135623.0
453.1228051185608,135634.0
453.2331750392914,135621.0
453.3439133167267,135650.0
453.45447516441345,135649.0
453.56501722335815,135632.0
453.6755962371826,135667.0
453.78617215156555,135671.0
453.8966073989868,135639.0
454.0072832107544,135653.0
454.11753606796265,135655.0
454.2283082008362,135649.0
454.3389232158661,135639.0
454.44944310188293,135604.0
454.56001925468445,135610.0
454.6705663204193,135602.0
454.78114318847656,135574.0
454.8916721343994,135575.0
454.9985911846161,135601.0
455.1092541217804,135621.0
455.21971321105957,135640.0
455.33038115501404,135607.0
455.4407150745392,135610.0
455.5515010356903,135651.0
455.6620111465454,135658.0
455.77260518074036,135639.0
455.8831081390381,135591.0
455.99368810653687,135596.0
456.10423398017883,135593.0
456.2145903110504,135647.0
456.32525634765625,135675.0
456.4358892440796,135687.0
456.546489238739,135665.0
456.65704226493835,135645.0
456.76757621765137,135640.0
456.87815713882446,135650.0
456.9849941730499,135606.0
457.0957362651825,135620.0
457.2061712741852,135614.0
457.31684827804565,135620.0
457.427383184433,135630.0
457.5379033088684,135637.0
457.6485970020294,135628.0
457.7590563297272,135654.0
457.8695402145386,135663.0
457.98016834259033,135627.0
458.09066915512085,135598.0
458.201247215271,135592.0
458.3115932941437,135563.0
458.4223680496216,135603.0
458.5328953266144,135651.0
458.6432361602783,135629.0
458.7540080547333,135649.0
458.8645601272583,135656.0
458.97142910957336,135641.0
459.0821602344513,135609.0
459.1925792694092,135594.0
459.3032591342926,135621.0
459.4138181209564,135648.0
459.5243411064148,135678.0
459.6348731517792,135632.0
459.74546933174133,135589.0
459.8560252189636,135599.0
459.96660017967224,135617.0
460.07713317871094,135639.0
460.18744134902954,135632.0
460.29821515083313,135635.0
460.40879225730896,135625.0
460.5192823410034,135627.0
460.6299021244049,135622.0
460.740442276001,135616.0
460.8510069847107,135639.0
460.95806527137756,135653.0
461.06847620010376,135626.0
461.179083108902,135563.0
461.28958106040955,135582.0
461.40016317367554,135624.0
461.5108001232147,135591.0
461.6210823059082,135645.0
461.73190116882324,135639.0
461.8424460887909,135623.0
461.9529881477356,135579.0
462.0634481906891,135599.0
462.17404437065125,135668.0
462.2846441268921,135632.0
462.3952491283417,135620.0
462.50578022003174,135564.0
462.61602210998535,135561.0
462.72688817977905,135633.0
462.83739709854126,135579.0
462.94443130493164,135630.0
463.05503010749817,135637.0
463.1655671596527,135620.0
463.27617716789246,135561.0
463.38673305511475,135551.0
463.49725317955017,135577.0
463.60777711868286,135615.0
463.71817326545715,135642.0
463.82889127731323,135674.0
463.9393391609192,135600.0
464.04999327659607,135565.0
464.16053223609924,135590.0
464.27076625823975,135641.0
464.3815460205078,135642.0
464.49229526519775,135631.0
464.6027522087097,135668.0
464.7133240699768,135663.0
464.82383728027344,135618.0
464.93083810806274,135612.0
465.04147028923035,135582.0
465.1518211364746,135633.0
465.26254534721375,135654.0
465.3731083869934,135644.0
465.483638048172,135682.0
465.5942482948303,135617.0
465.70477318763733,135602.0
465.81533432006836,135601.0
465.92588210105896,135652.0
466.03648829460144,135617.0
466.1468002796173,135646.0
466.2575192451477,135655.0
466.3680913448334,135665.0
466.4786763191223,135609.0
466.58928203582764,135568.0
466.6998610496521,135590.0
466.81021213531494,135593.0
466.9171702861786,135642.0
467.02790927886963,135599.0
467.1384081840515,135612.0
467.2489631175995,135617.0
467.35954213142395,135645.0
467.4701030254364,135599.0
467.5806510448456,135611.0
467.6912922859192,135615.0
467.80173921585083,135618.0
467.912305355072,135627.0
468.02287220954895,135613.0
468.1334300041199,135573.0
468.24396800994873,135620.0
468.3543801307678,135632.0
468.4649872779846,135672.0
468.5756402015686,135614.0
468.68616819381714,135600.0
468.7967150211334,135639.0
468.9036371707916,135629.0
469.01432824134827,135662.0
469.12489438056946,135656.0
469.23540019989014,135618.0
469.3459441661835,135603.0
469.4565691947937,135616.0
469.5670499801636,135613.0
469.67764139175415,135596.0
469.7881181240082,135593.0
469.8987731933594,135603.0
470.0092942714691,135627.0
470.11966729164124,135607.0
470.23042821884155,135611.0
470.34098625183105,135635.0
470.4514412879944,135640.0
470.56207513809204,135645.0
470.67242336273193,135620.0
470.78312134742737,135621.0
470.8901801109314,135614.0
471.00080823898315,135646.0
471.1113381385803,135639.0
471.22191739082336,135643.0
471.33244013786316,135605.0
471.44297337532043,135603.0
471.5536072254181,135641.0
471.6640532016754,135621.0
471.77466011047363,135626.0
471.8851761817932,135618.0
471.99573707580566,135603.0
472.10632610321045,135615.0
472.21686911582947,135629.0
472.3274691104889,135656.0
472.4380452632904,135624.0
472.54851818084717,135626.0
472.6590721607208,135604.0
472.769748210907,135644.0
472.87669920921326,135632.0
472.9872431755066,135637.0
473.09779620170593,135652.0
473.2083342075348,135636.0
473.31880927085876,135627.0
473.42939805984497,135628.0
473.53996109962463,135582.0
473.6504032611847,135584.0
473.7610332965851,135598.0
473.87160325050354,135627.0
473.98216438293457,135637.0
474.0927391052246,135664.0
474.2031192779541,135610.0
474.31388807296753,135593.0
474.4242491722107,135601.0
474.53498435020447,135653.0
474.6455612182617,135632.0
474.75607919692993,135639.0
474.86313915252686,135627.0
474.97364020347595,135630.0
475.08417105674744,135606.0
475.1947672367096,135617.0
475.3051242828369,135616.0
475.41590332984924,135647.0
475.52640104293823,135671.0
475.63694310188293,135628.0
475.74755215644836,135602.0
475.8579640388489,135594.0
475.9686052799225,135582.0
476.07922315597534,135601.0
476.18971014022827,135622.0
476.3002791404724,135637.0
476.41083908081055,135609.0
476.52137541770935,135588.0
476.6318211555481,135641.0
476.74252009391785,135605.0
476.84960532188416,135624.0
476.9600713253021,135657.0
477.0706181526184,135669.0
477.18113923072815,135674.0
477.29176926612854,135643.0
477.4022731781006,135645.0
477.5128231048584,135618.0
477.6233901977539,135610.0
477.73396039009094,135637.0
477.84449529647827,135590.0
477.95504117012024,135608.0
478.06563425064087,135623.0
478.1762192249298,135641.0
478.2867519855499,135600.0
478.3973071575165,135574.0
478.50782227516174,135634.0
478.6181161403656,135666.0
478.7289342880249,135605.0
478.8358120918274,135648.0
478.94649505615234,135652.0
479.0570480823517,135602.0
479.16759419441223,135609.0
479.2781732082367,135619.0
479.3888261318207,135629.0
479.49904108047485,135608.0
479.6097631454468,135600.0
479.7204370498657,135593.0
479.8309381008148,135584.0
479.9413592815399,135578.0
480.05210423469543,135608.0
480.1623442173004,135618.0
480.2731261253357,135637.0
480.3834671974182,135622.0
480.49421739578247,135581.0
480.60482835769653,135542.0
480.71536922454834,135596.0
480.8222210407257,135645.0
480.9329721927643,135637.0
481.0435411930084,135617.0
481.1540641784668,135581.0
481.26471400260925,135604.0
481.37519121170044,135653.0
481.48570013046265,135643.0
481.59625220298767,135595.0
481.70684123039246,135603.0
481.8173522949219,135608.0
481.92781805992126,135639.0
482.0384440422058,135626.0
482.1492352485657,135647.0
482.25968527793884,135620.0
482.37017130851746,135609.0
482.48071336746216,135588.0
482.5912582874298,135601.0
482.70180916786194,135636.0
482.8089511394501,135664.0
482.91935896873474,135620.0
483.0299472808838,135609.0
483.14049220085144,135625.0
483.2510163784027,135619.0
483.3616142272949,135660.0
483.4721710681915,135626.0
483.58238410949707,135608.0
483.6932563781738,135600.0
483.8038251399994,135618.0
483.9143753051758,135663.0
484.02492904663086,135613.0
484.1354932785034,135575.0
484.24605798721313,135615.0
484.35659527778625,135610.0
484.467148065567,135601.0
484.5776832103729,135615.0
484.6882791519165,135622.0
484.7986581325531,135666.0
484.90593934059143,135650.0
485.01643419265747,135643.0
485.1269643306732,135575.0
485.2375292778015,135591.0
485.3478593826294,135657.0
485.4586431980133,135679.0
485.56916213035583,135683.0
485.6797571182251,135667.0
485.79024624824524,135690.0
485.90083718299866,135679.0
486.01125931739807,135665.0
486.12178111076355,135643.0
486.2324421405792,135616.0
486.3430721759796,135623.0
486.45363116264343,135609.0
486.5641622543335,135599.0
486.6746952533722,135620.0
486.7851252555847,135618.0
486.892272233963,135660.0
487.0027952194214,135675.0
487.11327838897705,135631.0
487.22388315200806,135620.0
487.33436727523804,135607.0
487.44503021240234,135662.0
487.55555510520935,135680.0
487.66614413261414,135648.0
487.77671337127686,135614.0
487.8872172832489,135583.0
487.99784421920776,135636.0
488.1083199977875,135655.0
488.2189362049103,135671.0
488.3294961452484,135643.0
488.4398992061615,135638.0
488.5505931377411,135631.0
488.6611452102661,135613.0
488.77169919013977,135618.0
488.8787100315094,135640.0
488.98925733566284,135629.0
489.0998079776764,135656.0
489.21027302742004,135631.0
489.3209002017975,135636.0
489.4314920902252,135627.0
489.54208731651306,135645.0
489.6523971557617,135658.0
489.76315116882324,135651.0
489.87368512153625,135658.0
489.9842412471771,135609.0
490.0947971343994,135630.0
490.2053711414337,135655.0
490.3158941268921,135668.0
490.42645716667175,135671.0
490.5370101928711,135654.0
490.6475603580475,135644.0
490.7581021785736,135647.0
490.86512422561646,135649.0
490.9756453037262,135666.0
491.08624720573425,135647.0
491.19680428504944,135656.0
491.3073031902313,135621.0
491.41779923439026,135647.0
491.52846002578735,135682.0
491.6388201713562,135694.0
491.74958324432373,135658.0
491.8601052761078,135641.0
491.97067642211914,135653.0
492.0812473297119,135665.0
492.19176721572876,135632.0
492.3023302555084,135604.0
492.4129002094269,135609.0
492.52343821525574,135647.0
492.63384437561035,135636.0
492.7445230484009,135624.0
492.8515682220459,135696.0
492.9621481895447,135684.0
493.0726852416992,135635.0
493.1832320690155,135640.0
493.29379200935364,135617.0
493.4043550491333,135643.0
493.5148620605469,135630.0
493.62545919418335,135631.0
493.73602318763733,135626.0
493.8465402126312,135685.0
493.95691537857056,135709.0
494.06765127182007,135659.0
494.17821741104126,135573.0
494.28879737854004,135618.0
494.39919924736023,135653.0
494.50986433029175,135701.0
494.62025809288025,135619.0
494.7309613227844,135667.0
494.83789801597595,135716.0
494.94854521751404,135694.0
495.0591940879822,135640.0
495.16978931427,135704.0
495.2801511287689,135640.0
495.3906853199005,135708.0
495.5013291835785,135681.0
495.6119022369385,135675.0
495.7223963737488,135676.0
495.8330261707306,135704.0
495.94340920448303,135681.0
496.05417823791504,135649.0
496.16467213630676,135656.0
496.2752413749695,135678.0
496.38578510284424,135660.0
496.4963402748108,135643.0
496.60690927505493,135676.0
496.717321395874,135638.0
496.8244643211365,135669.0
496.93497228622437,135725.0
497.0455412864685,135714.0
497.1560661792755,135691.0
497.2666742801666,135669.0
497.377090215683,135685.0
497.48774313926697,135659.0
497.5983512401581,135696.0
497.7088723182678,135704.0
497.8194422721863,135710.0
497.9299702644348,135602.0
498.0406332015991,135648.0
498.151052236557,135681.0
498.26165223121643,135653.0
498.3720943927765,135655.0
498.4826240539551,135692.0
498.5932922363281,135686.0
498.7039051055908,135658.0
498.8107452392578,135613.0
498.92141008377075,135675.0
499.0319962501526,135718.0
499.14245319366455,135700.0
499.25311636924744,135676.0
499.3636600971222,135676.0
499.4741771221161,135654.0
499.58475708961487,135661.0
499.69512033462524,135680.0
499.8056101799011,135660.0
499.91646218299866,135636.0
500.0269923210144,135632.0
500.13749408721924,135631.0
500.24806928634644,135637.0
500.3586802482605,135670.0
500.46925806999207,135687.0
500.57974123954773,135644.0
500.69010519981384,135688.0
500.79732513427734,135641.0
500.9078731536865,135611.0
501.01844120025635,135636.0
501.1289803981781,135667.0
501.2394733428955,135628.0
501.35007524490356,135628.0
501.4606273174286,135693.0
501.5710070133209,135659.0
501.681752204895,135607.0
501.7922902107239,135596.0
501.9023983478546,135625.0
502.0134072303772,135646.0
502.1237461566925,135666.0
502.2345142364502,135682.0
502.3450880050659,135644.0
502.4554560184479,135636.0
502.56615805625916,135640.0
502.6767773628235,135614.0
502.7838022708893,135631.0
502.8942983150482,135657.0
503.00485825538635,135707.0
503.1154990196228,135649.0
503.2259781360626,135625.0
503.3365252017975,135617.0
503.447053194046,135646.0
503.55761313438416,135674.0
503.66851139068604,135675.0
503.77872824668884,135622.0
503.8892810344696,135656.0
503.99994015693665,135656.0
504.11038517951965,135626.0
504.2209620475769,135649.0
504.3315200805664,135643.0
504.4420952796936,135652.0
504.55264019966125,135586.0
504.6631669998169,135616.0
504.77006006240845,135646.0
504.8807270526886,135678.0
504.99128127098083,135655.0
505.1018171310425,135657.0
505.2122480869293,135661.0
505.32300209999084,135670.0
505.4333162307739,135663.0
505.54402923583984,135662.0
505.6545910835266,135679.0
505.7651650905609,135698.0
505.8757412433624,135652.0
505.986221075058,135667.0
506.09685134887695,135633.0
506.20740818977356,135657.0
506.31794118881226,135669.0
506.4285430908203,135665.0
506.5389642715454,135656.0
506.6494951248169,135636.0
506.75659227371216,135674.0
506.86714220046997,135668.0
506.9777190685272,135645.0
507.0883252620697,135612.0
507.198703289032,135658.0
507.30940318107605,135639.0
507.41997742652893,135624.0
507.5304961204529,135666.0
507.641104221344,135708.0
507.75164437294006,135689.0
507.86202025413513,135673.0
507.972620010376,135643.0
508.08330821990967,135660.0
508.1938350200653,135663.0
508.30439925193787,135639.0
508.41496324539185,135636.0
508.5254762172699,135652.0
508.6359951496124,135662.0
508.74308609962463,135613.0
508.85362100601196,135630.0
508.96405506134033,135653.0
509.0747561454773,135648.0
509.18521428108215,135674.0
509.2958471775055,135620.0
509.40641832351685,135621.0
509.51695108413696,135595.0
509.6274311542511,135598.0
509.7380452156067,135627.0
509.8486032485962,135695.0
509.9588143825531,135708.0
510.06977820396423,135623.0
510.1802554130554,135614.0
510.2908401489258,135668.0
510.401251077652,135647.0
510.5119333267212,135637.0
510.6224319934845,135643.0
510.7294092178345,135685.0
510.84007501602173,135691.0
510.950471162796,135667.0
511.0612142086029,135624.0
511.1717302799225,135618.0
511.2822952270508,135654.0
511.3927791118622,135699.0
511.50342297554016,135697.0
511.614018201828,135650.0
511.72447514533997,135622.0
511.8350582122803,135617.0
511.94558024406433,135636.0
512.056202173233,135639.0
512.1666021347046,135657.0
512.2773611545563,135627.0
512.3878283500671,135635.0
512.4983720779419,135610.0
512.6089253425598,135642.0
512.7158372402191,135614.0
512.8264770507812,135578.0
512.936995267868,135592.0
513.0475962162018,135624.0
513.1581492424011,135625.0
513.2687222957611,135645.0
513.3792572021484,135650.0
513.4897820949554,135634.0
513.6004581451416,135642.0
513.7109282016754,135629.0
513.8214931488037,135648.0
513.9320471286774,135631.0
514.0426223278046,135634.0
514.1531171798706,135640.0
514.2637083530426,135604.0
514.3743233680725,135600.0
514.4848682880402,135626.0
514.5953252315521,135645.0
514.7023773193359,135605.0
514.8127391338348,135626.0
514.923463344574,135619.0
515.0340909957886,135589.0
515.1443841457367,135585.0
515.2551259994507,135590.0
515.365757226944,135607.0
515.4762651920319,135598.0
515.5868060588837,135648.0
515.6973900794983,135644.0
515.8079152107239,135617.0
515.918475151062,135581.0
516.0290613174438,135591.0
516.1396160125732,135619.0
516.2501273155212,135572.0
516.3606922626495,135575.0
516.4712581634521,135577.0
516.5817410945892,135605.0
516.6888949871063,135668.0
516.7993280887604,135623.0
516.9099011421204,135586.0
517.0204882621765,135606.0
517.1310362815857,135637.0
517.2415883541107,135608.0
517.3521831035614,135628.0
517.4626712799072,135633.0
517.5732390880585,135628.0
517.6838080883026,135583.0
517.7942461967468,135649.0
517.9049422740936,135683.0
518.015474319458,135666.0
518.1258041858673,135680.0
518.236566066742,135655.0
518.3471491336823,135595.0
518.4576330184937,135605.0
518.5681972503662,135602.0
518.6751554012299,135615.0
518.7858271598816,135642.0
518.8963582515717,135615.0
519.0069212913513,135555.0
519.1172993183136,135654.0
519.2279891967773,135598.0
519.3386352062225,135602.0
519.4491293430328,135620.0
519.559689283371,135608.0
519.6702492237091,135639.0
519.7808141708374,135584.0
519.8913474082947,135572.0
520.0019252300262,135583.0
520.1124742031097,135612.0
520.2230741977692,135628.0
520.3335862159729,135587.0
520.4441070556641,135626.0
520.5546612739563,135649.0
520.6616501808167,135670.0
520.7722492218018,135632.0
520.8827872276306,135563.0
520.993328332901,135587.0
521.1038761138916,135619.0
521.2141692638397,135627.0
521.3248960971832,135635.0
521.4354412555695,135613.0
521.5461130142212,135565.0
521.65669298172,135559.0
521.7672231197357,135663.0
521.87761926651,135641.0
521.9882311820984,135624.0
522.0988810062408,135616.0
522.2094321250916,135601.0
522.3200120925903,135639.0
522.430525302887,135590.0
522.5410003662109,135581.0
522.6485502719879,135594.0
522.7587072849274,135644.0
522.8692152500153,135591.0
522.9798033237457,135598.0
523.0903182029724,135605.0
523.2008531093597,135578.0
523.3114402294159,135572.0
523.4220232963562,135576.0
523.5325412750244,135612.0
523.6431062221527,135609.0
523.753668308258,135521.0
523.8642671108246,135553.0
523.9747982025146,135574.0
524.0853042602539,135560.0
524.1958651542664,135579.0
524.3063480854034,135598.0
524.4169981479645,135591.0
524.5275392532349,135534.0
524.6344470977783,135530.0
524.7447972297668,135573.0
524.8556580543518,135592.0
524.9661002159119,135564.0
525.0768313407898,135563.0
525.1873342990875,135590.0
525.297868013382,135589.0
525.4084391593933,135592.0
525.5189712047577,135560.0
525.6295442581177,135550.0
525.7401263713837,135563.0
525.850661277771,135541.0
525.9611201286316,135607.0
526.0718152523041,135606.0
526.1823012828827,135588.0
526.292857170105,135593.0
526.4035730361938,135580.0
526.5139651298523,135571.0
526.6205990314484,135569.0
526.7316153049469,135546.0
526.8420741558075,135529.0
526.9526960849762,135546.0
527.063285112381,135595.0
527.1738522052765,135587.0
527.28431224823,135573.0
527.3948631286621,135577.0
527.5055952072144,135560.0
527.6158421039581,135550.0
527.7265672683716,135519.0
527.8370621204376,135535.0
527.9477031230927,135528.0
528.0582342147827,135512.0
528.1688351631165,135523.0
528.2793052196503,135488.0
528.3898890018463,135559.0
528.5004060268402,135526.0
528.6074371337891,135510.0
528.7180233001709,135544.0
528.8285162448883,135593.0
528.9390981197357,135539.0
529.0496342182159,135509.0
529.1601841449738,135558.0
529.2707321643829,135581.0
529.3813540935516,135549.0
529.4918494224548,135511.0
529.6024949550629,135557.0
529.7129642963409,135573.0
529.8236331939697,135556.0
529.9340872764587,135502.0
530.0444149971008,135489.0
530.1550951004028,135500.0
530.2657532691956,135568.0
530.376293182373,135558.0
530.4868133068085,135538.0
530.5936541557312,135559.0
530.7043073177338,135531.0
530.8150172233582,135514.0
530.9254400730133,135484.0
531.0360970497131,135497.0
531.1466522216797,135537.0
531.2572033405304,135542.0
531.3678290843964,135576.0
531.4782671928406,135564.0
531.5889081954956,135589.0
531.6994202136993,135551.0
531.8099210262299,135558.0
531.9205203056335,135568.0
532.0310752391815,135511.0
532.1416530609131,135531.0
532.2522041797638,135498.0
532.3626561164856,135505.0
532.4733402729034,135503.0
532.5803310871124,135519.0
532.6908872127533,135528.0
532.8014512062073,135501.0
532.9119851589203,135498.0
533.022557258606,135498.0
533.1329190731049,135500.0
533.2436242103577,135508.0
533.3541882038116,135539.0
533.4647271633148,135562.0
533.5752701759338,135462.0
533.6858570575714,135487.0
533.7964191436768,135536.0
533.9070692062378,135508.0
534.0175251960754,135508.0
534.1278972625732,135524.0
534.2386202812195,135518.0
534.3492050170898,135513.0
534.459715127945,135540.0
534.5667581558228,135547.0
534.6774742603302,135557.0
534.7878420352936,135544.0
534.8984131813049,135552.0
535.0090291500092,135527.0
535.1193642616272,135533.0
535.2300763130188,135534.0
535.340594291687,135577.0
535.4512231349945,135553.0
535.5616202354431,135527.0
535.6721212863922,135505.0
535.7828981876373,135501.0
535.8934261798859,135527.0
536.003945350647,135512.0
536.1145462989807,135576.0
536.2250652313232,135561.0
536.3355913162231,135592.0
536.4461731910706,135544.0
536.5532150268555,135524.0
536.6637341976166,135513.0
536.7742903232574,135518.0
536.8847570419312,135542.0
536.9954030513763,135582.0
537.1059782505035,135538.0
537.2165422439575,135513.0
537.3270611763,135578.0
537.4376204013824,135512.0
537.5481572151184,135516.0
537.6587073802948,135544.0
537.7692983150482,135580.0
537.8798463344574,135539.0
537.9904203414917,135512.0
538.1009821891785,135521.0
538.2114841938019,135577.0
538.3220691680908,135544.0
538.4326021671295,135555.0
538.5396752357483,135559.0
538.6502389907837,135514.0
538.7607841491699,135538.0
538.871288061142,135574.0
538.9818360805511,135539.0
539.0924143791199,135523.0
539.2029550075531,135519.0
539.3135349750519,135513.0
539.4239633083344,135534.0
539.5344521999359,135531.0
539.6451783180237,135548.0
539.7557203769684,135566.0
539.8663353919983,135591.0
539.9767482280731,135618.0
540.0872871875763,135585.0
540.1979022026062,135555.0
540.3084721565247,135586.0
540.4190571308136,135552.0
540.5260791778564,135533.0
540.6366212368011,135556.0
540.7470693588257,135541.0
540.8577153682709,135537.0
540.9682941436768,135575.0
541.0788252353668,135565.0
541.1893970966339,135573.0
541.2999091148376,135607.0
541.4104650020599,135623.0
541.521044254303,135577.0
541.6314570903778,135544.0
541.7421770095825,135534.0
541.8527452945709,135524.0
541.9632802009583,135556.0
542.0738711357117,135562.0
542.1843841075897,135518.0
542.2948932647705,135541.0
542.4054861068726,135550.0
542.5124931335449,135588.0
542.6227972507477,135578.0
542.73366522789,135585.0
542.8442223072052,135559.0
542.9545700550079,135597.0
543.0652463436127,135629.0
543.1757853031158,135595.0
543.2863991260529,135608.0
543.3965322971344,135610.0
543.5074732303619,135536.0
543.6179201602936,135547.0
543.7285842895508,135552.0
543.8391861915588,135584.0
543.9497153759003,135572.0
544.0602700710297,135530.0
544.1707961559296,135524.0
544.2813642024994,135553.0
544.3919453620911,135536.0
544.5024890899658,135593.0
544.6094892024994,135561.0
544.7200362682343,135547.0
544.8305840492249,135546.0
544.9409792423248,135555.0
545.0517191886902,135572.0
545.162171125412,135561.0
545.2728142738342,135571.0
545.3833491802216,135649.0
545.4939641952515,135569.0
545.6044931411743,135534.0
545.7150189876556,135561.0
545.825590133667,135601.0
545.9361162185669,135581.0
546.0466990470886,135543.0
546.157249212265,135555.0
546.2678561210632,135595.0
546.3783731460571,135607.0
546.48894739151,135589.0
546.5957219600677,135574.0
546.7063431739807,135572.0
546.8170402050018,135578.0
546.9275572299957,135580.0
547.0381481647491,135577.0
547.1487081050873,135601.0
547.2592332363129,135568.0
547.3698062896729,135563.0
547.4803831577301,135591.0
547.5908951759338,135575.0
547.7015261650085,135578.0
547.812028169632,135579.0
547.922562122345,135575.0
548.0331361293793,135549.0
548.1437649726868,135546.0
548.2542352676392,135599.0
548.3647999763489,135569.0
548.4754481315613,135569.0
548.5823700428009,135608.0
548.6929180622101,135624.0
548.8034691810608,135576.0
548.9140059947968,135603.0
549.0245742797852,135608.0
549.1351454257965,135584.0
549.2456340789795,135559.0
549.3562560081482,135528.0
549.4667870998383,135590.0
549.5773351192474,135560.0
549.6879272460938,135528.0
549.7984960079193,135566.0
549.9090192317963,135573.0
550.0195729732513,135567.0
550.1301109790802,135541.0
550.2407281398773,135552.0
550.3512172698975,135582.0
550.4617831707001,135567.0
550.5688011646271,135568.0
550.6793341636658,135578.0
550.7898900508881,135631.0
550.900422334671,135596.0
551.011045217514,135592.0
551.1211960315704,135614.0
551.2321021556854,135596.0
551.3426580429077,135566.0
551.4532642364502,135585.0
551.5638041496277,135606.0
551.6743311882019,135611.0
551.7849740982056,135609.0
551.8954570293427,135581.0
552.0060181617737,135549.0
552.1164343357086,135615.0
552.227132320404,135560.0
552.3376734256744,135532.0
552.4482092857361,135530.0
552.5552341938019,135534.0
552.6657583713531,135564.0
552.7763292789459,135619.0
552.8867211341858,135584.0
552.9974961280823,135571.0
553.1080250740051,135565.0
553.2185273170471,135548.0
553.3291072845459,135584.0
553.4397611618042,135613.0
553.5503361225128,135566.0
553.6607122421265,135577.0
553.7713301181793,135612.0
553.8818762302399,135569.0
553.9924581050873,135573.0
554.1030342578888,135600.0
554.2135243415833,135559.0
554.3241500854492,135600.0
554.4344639778137,135551.0
554.5416581630707,135538.0
554.6520671844482,135569.0
554.7626953125,135553.0
554.873375415802,135529.0
554.983715057373,135559.0
555.0944430828094,135555.0
555.2053182125092,135562.0
555.3155660629272,135576.0
555.4261040687561,135546.0
555.536651134491,135531.0
555.6473162174225,135549.0
555.7577543258667,135543.0
555.8682041168213,135527.0
555.9788701534271,135555.0
556.0894422531128,135518.0
556.2000319957733,135549.0
556.310497045517,135577.0
556.4210841655731,135584.0
556.5281412601471,135554.0
556.6384491920471,135548.0
556.7491912841797,135536.0
556.8597791194916,135570.0
556.9702861309052,135550.0
557.0808901786804,135542.0
557.1914401054382,135526.0
557.302029132843,135539.0
557.4125430583954,135534.0
557.523077249527,135548.0
557.6336362361908,135527.0
557.7442560195923,135492.0
557.8547651767731,135524.0
557.965309381485,135572.0
558.0758740901947,135564.0
558.1863203048706,135562.0
558.296982049942,135582.0
558.4075183868408,135572.0
558.5145921707153,135533.0
558.6247282028198,135489.0
558.7356400489807,135538.0
558.8461880683899,135553.0
558.956734418869,135567.0
559.0673253536224,135592.0
559.1778800487518,135569.0
559.2884562015533,135583.0
559.3989963531494,135570.0
559.5095291137695,135572.0
559.6198952198029,135560.0
559.7306571006775,135552.0
559.8412261009216,135565.0
559.9517302513123,135588.0
560.0622210502625,135535.0
560.1727252006531,135575.0
560.2834281921387,135535.0
560.3939411640167,135568.0
560.500815153122,135617.0
560.6115393638611,135576.0
560.721842288971,135494.0
560.8326511383057,135526.0
560.9432063102722,135522.0
561.0537521839142,135526.0
561.1642851829529,135548.0
561.2748463153839,135524.0
561.3853051662445,135584.0
561.4959862232208,135554.0
561.6065511703491,135537.0
561.7170832157135,135581.0
561.8276212215424,135572.0
561.9380111694336,135558.0
562.0487222671509,135485.0
562.1593272686005,135536.0
562.2698752880096,135531.0
562.3803071975708,135555.0
562.4874560832977,135506.0
562.5979771614075,135472.0
562.7085301876068,135546.0
562.8190913200378,135505.0
562.9296681880951,135518.0
563.0401892662048,135544.0
563.1508162021637,135524.0
563.2612862586975,135538.0
563.3717992305756,135513.0
563.4822971820831,135516.0
563.5929362773895,135505.0
563.703417301178,135512.0
563.8141882419586,135513.0
563.9246211051941,135537.0
564.0351841449738,135498.0
564.1457352638245,135500.0
564.2562863826752,135537.0
564.3668422698975,135546.0
564.4736912250519,135525.0
564.5844011306763,135531.0
564.6949732303619,135529.0
564.8053770065308,135525.0
564.9160523414612,135510.0
565.0266661643982,135542.0
565.1370582580566,135530.0
565.2477381229401,135499.0
565.3582332134247,135551.0
565.4688372612,135533.0
565.5794401168823,135536.0
565.6899871826172,135517.0
565.8004672527313,135515.0
565.9109652042389,135542.0
566.0216121673584,135538.0
566.1318850517273,135505.0
566.2427341938019,135459.0
566.3533172607422,135494.0
566.4602890014648,135475.0
566.5708441734314,135438.0
566.6814520359039,135509.0
566.7919402122498,135549.0
566.9025232791901,135541.0
567.0130612850189,135504.0
567.1234021186829,135471.0
567.2341701984406,135481.0
567.3447322845459,135482.0
567.4552881717682,135490.0
567.565749168396,135500.0
567.6763851642609,135520.0
567.7869212627411,135506.0
567.897509098053,135476.0
568.0080552101135,135518.0
568.1184723377228,135520.0
568.2291691303253,135443.0
568.3396792411804,135451.0
568.4467282295227,135511.0
568.5572321414948,135548.0
568.6678793430328,135485.0
568.7783751487732,135500.0
568.8889102935791,135514.0
568.999382019043,135514.0
569.1100480556488,135525.0
569.2205901145935,135550.0
569.3312530517578,135544.0
569.4416000843048,135503.0
569.5522541999817,135461.0
569.6628541946411,135440.0
569.7733843326569,135489.0
569.8838272094727,135526.0
569.9942471981049,135500.0
570.1050701141357,135498.0
570.215626001358,135482.0
570.3261172771454,135447.0
570.4328420162201,135449.0
570.5436232089996,135476.0
570.654137134552,135467.0
570.764817237854,135451.0
570.875378370285,135478.0
570.9858872890472,135486.0
571.0964982509613,135512.0
571.2070384025574,135502.0
571.3176083564758,135451.0
571.4281551837921,135470.0
571.5386869907379,135503.0
571.6492900848389,135497.0
571.7597942352295,135434.0
571.8704261779785,135450.0
571.9809694290161,135434.0
572.0915083885193,135419.0
572.202052116394,135429.0
572.3125441074371,135438.0
572.4196243286133,135453.0
572.5301470756531,135514.0
572.6406662464142,135465.0
572.7512691020966,135467.0
572.8618371486664,135482.0
572.9718792438507,135478.0
573.0827262401581,135448.0
573.1929543018341,135461.0
573.3040680885315,135330.0
573.4141130447388,135514.0
573.5250933170319,135562.0
573.6354212760925,135535.0
573.7462341785431,135501.0
573.8567891120911,135490.0
573.9674141407013,135508.0
574.0779750347137,135540.0
574.1884212493896,135504.0
574.2990174293518,135499.0
574.405953168869,135505.0
574.5165491104126,135490.0
574.6271321773529,135499.0
574.7377243041992,135531.0
574.8482422828674,135518.0
574.9586601257324,135479.0
575.0693511962891,135508.0
575.1799161434174,135477.0
575.2904982566833,135461.0
575.4010112285614,135482.0
575.5115940570831,135495.0
575.6219420433044,135439.0
575.7327523231506,135480.0
575.8431541919708,135465.0
575.9538311958313,135454.0
576.0644233226776,135447.0
576.1748962402344,135452.0
576.2854731082916,135456.0
576.3924663066864,135478.0
576.5030682086945,135498.0
576.6135511398315,135448.0
576.7239921092987,135488.0
576.8346812725067,135473.0
576.9452512264252,135478.0
577.0557880401611,135469.0
577.1663453578949,135473.0
577.2770071029663,135466.0
577.3874611854553,135492.0
577.4975039958954,135470.0
577.6194791793823,135512.0
577.7186262607574,135470.0
577.8292422294617,135435.0
577.9398241043091,135406.0
578.0503492355347,135462.0
